country,founded,id,industry,linkedin_url,locality,name,region,size,website
canada,2023,Kv4WvAHKI0q4oAsnz9oFOA7WsfqN,information technology and services,linkedin.com/company/devant-global-it-solutions,ajax,devant global it solutions inc,ontario,201-500,devantglobal.com
canada,,PfWENjy1rKRmNBLnXQk1rABjsjTq,information technology and services,linkedin.com/company/moore-canada-corporation,,moore canada corporation,saskatchewan,11-50,
canada,2020,ks0rCB8AP4BslrBTdfBukwJ9AOGS,information technology and services,linkedin.com/company/sitesaga,toronto,sitesaga,ontario,11-50,sitesaga.com
canada,2004,oS7svsIHTfJlceqX4QsKhQLuXRlI,information technology and services,linkedin.com/company/brand-ideas-inc-,toronto,brand ideas inc.,ontario,1-10,brandideas.ca
canada,2011,3WwcuhtQ99jBBGI50RwfUwGQL5a3,information technology and services,linkedin.com/company/zendelity,kanata,zendelity,ontario,1-10,zendelity.com
canada,2021,QAc7ih3Q5ZRcCmF7vzy2FAfibm4D,information technology and services,linkedin.com/company/terrabbitconsulting,montréal,terrabbit,quebec,1-10,terrabbit.com
canada,2014,npSGLT8z7YB0qoIj74UXtAkfC42C,information technology and services,linkedin.com/company/za-information-systems,edmonton,za information systems,alberta,1-10,zais.ca
canada,2015,RRu5AV1zJdGh7QnBidnVQAzitebq,information technology and services,linkedin.com/company/excelpass,,excelpass,quebec,1-10,excelpass.ca
canada,2021,QHjTK6yChxIpsd8iTlxsbAOav8Nb,information technology and services,linkedin.com/company/insighteur-inc,vancouver,insighteur inc.,british columbia,1-10,insighteur.com
canada,,8VpTF8lPW8S0jBWN3ZhOpQDR4eg5,information technology and services,linkedin.com/company/montreal-institute-for-genocide-and-human-rights-studies,montréal,montreal institute for genocide and human rights studies,quebec,51-200,
canada,1999,O9PMpIbQIRf5hclr1JVGywpuOpco,information technology and services,linkedin.com/company/symatron-corporation,windsor,symatron corporation,ontario,1-10,symatron.com
canada,2023,qQUjKRLHyQkMYmrxiYvtKwYGiaCk,information technology and services,linkedin.com/company/solutions-jarinux-inc,verdun,solutions jarinux inc,quebec,1-10,jarinux.com
canada,1977,SPFFITRFf8bJPCWLBBMYCQoMtlS5,information technology and services,linkedin.com/company/interactive-computer-systems-ltd,fredericton,interactive computer systems ltd,new brunswick,11-50,ics.nb.ca
canada,2008,4lqlEhC8PpcC7BNdXyJlzgoGoHvr,information technology and services,linkedin.com/company/captual-technologies-inc,toronto,captual technologies inc,ontario,11-50,captual.com
canada,2013,HEUoW2BChUYp4t0XZ61JBQaDrfgx,information technology and services,linkedin.com/company/pfm-studios-inc-,london,pfmstudios inc.,ontario,1-10,pfmstudios.ca
canada,2014,guz7rTtDdGIFEivCyCIBqAqKwRQL,information technology and services,linkedin.com/company/walter-interactive,montréal,walter interactive,quebec,11-50,walterinteractive.com
canada,,fjsodiTJoNV24vmgieBAKw9BXu73,information technology and services,linkedin.com/company/ida-support,winnipeg,ida support,manitoba,1-10,idasupport.com
canada,2010,ZzHzC7v80F4a9uDBz7bPfA8ILv0p,information technology and services,linkedin.com/company/erserve-telecom,montréal,erserve technologies,quebec,1-10,erserve.com
canada,,PVbF3X0STYhkPWLcIBmaWwkDt9zY,information technology and services,linkedin.com/company/datatamer-inc.,toronto,datatamer inc.,ontario,1-10,
canada,2019,k4qPIlV1sUqJC4KQeBPz5gudv8A2,information technology and services,linkedin.com/company/conseils-strateg-ti,montréal,strateg-it consulting,quebec,1-10,strateg-ti.biz
canada,,IOqNOfqBRES1KbUKFWpBigO0paZe,information technology and services,linkedin.com/company/mobiverse-group-inc.,montréal,mobiverse group inc.,quebec,1-10,mobiversegroup.com
canada,2008,RhI7Iog33ORV5CBCN8lfWwC4EB9z,information technology and services,linkedin.com/company/datazon-technologies,mississauga,datazon inc.,ontario,51-200,datazon.com
canada,2015,nj8nVKSmUOlsiQmT1PxBZA2ql67Z,information technology and services,linkedin.com/company/becybersecure,toronto,becybersecure,ontario,11-50,becybersecure.ca
canada,,eIWmsSbCHiIbBaApcrUpDwq9IO4v,information technology and services,linkedin.com/company/halo-health-club,st. catharines,halo health club,ontario,11-50,halohealthclub.com
canada,,zfdnVHd8rsfJvRqNTR3ofwiHHadv,information technology and services,linkedin.com/company/leodoctor-computer-services,richmond,leodoctor computer services,british columbia,1-10,militarybrasscoins.com
canada,,qwyCfPBQvpABPo0CWjaXOA02dyn1,information technology and services,linkedin.com/company/vrsi,,vrsi,,51-200,vrsi.ca
canada,2000,cdq2IotVfBvicXtrGjfgNwPdpTFt,information technology and services,linkedin.com/company/aleph-canadian-scrum-team,toronto,aleph global scrum team™ canada,ontario,11-50,aleph-technologies.ca
canada,2022,ppJSySWFMDdvC1lnsS0SpwqMYAAn,information technology and services,linkedin.com/company/techieform,regina,techieform,saskatchewan,1-10,techieform.com
canada,2013,SBA1GTZiDjb7CD9tjQ41lgbTn5wK,information technology and services,linkedin.com/company/rad-business-solutions-inc-,markham,rad business solutions inc.,ontario,1-10,radbusiness.ca
canada,,ZrCTXFC4jisHDffwjKhDQADcpfe7,information technology and services,linkedin.com/company/trium-technologies-inc.,,trium technologies inc.,,1-10,triumtech.com
canada,2024,slmBWB1zTwHB3DYCp12FGAX660Ti,information technology and services,linkedin.com/company/novabyte-solutions-inc,halifax,novabyte solutions inc.,nova scotia,1-10,novabyte.solutions
canada,,srfAEBdn2FBDBuWvW5Ve6QuKVtWU,information technology and services,linkedin.com/company/optiqo-inc,saint-bruno-de-montarville,optiqo inc.,quebec,1-10,
canada,,4veTzuO8e2cm9B26fU983wHBqeE9,information technology and services,linkedin.com/company/optimizdba,montréal,optimizdba,quebec,1-10,optimizdba.com
canada,2018,vCtSrUeUmueQEA6RGxwE9ghKR3U0,information technology and services,linkedin.com/company/aa-tech-365,waterloo,aa tech 365,ontario,1-10,aatech365.ca
canada,2017,eImCQB62wOB9xTYBxNBupQONaSDW,information technology and services,linkedin.com/company/cipherlex-labs-inc,,"cipherlex labs, inc",,1-10,
canada,2017,YCUfbeZXw41JpXXzMhr2aAWS9l9Y,information technology and services,linkedin.com/company/limefrog,ottawa,limefrog inc.,ontario,1-10,limefrog.ca
canada,2015,ZcXr1gpmVJN2O5YTgTXfOwGmf9mA,information technology and services,linkedin.com/company/hunter-tech,calgary,huntertech,alberta,1-10,huntertech.ca
canada,2021,aCaQQqx3UmAog8419HueVQCkZcGs,information technology and services,linkedin.com/company/redpill-labs,vancouver,red pill labs inc.,british columbia,11-50,redpilllabs.com
canada,,vOvLRBBPXWPHTwjy1ctsFAGxiHiu,information technology and services,linkedin.com/company/edulinkin,,edulink middle east,ontario,11-50,edulinkin.com
canada,2002,9BasyXEa0hxzTyTuE7kaOQLmdWTv,information technology and services,linkedin.com/company/symbiose-techno-inc-,sainte-madeleine,symbiose techno inc.,quebec,1-10,symbiosetechno.com
canada,1992,hQBPsfX2x2vsqggfQltBCArFRqd2,information technology and services,linkedin.com/company/procase-consulting,woodbridge,procase consulting,ontario,51-200,procaseconsulting.com
canada,2012,RkHTjdo4DXXDrqBSV0EJYQU4tQ5C,information technology and services,linkedin.com/company/cornester-consulting-inc.,vancouver,cornester consulting inc.,british columbia,1-10,cornesterconsulting.ca
canada,1996,cG9LmMqclWd8Rb186p2D3QhhITV3,information technology and services,linkedin.com/company/atomic-crayon,victoria,atomic crayon,british columbia,1-10,atomiccrayon.com
canada,2008,HQ7qE7ClJ4XAcIoBma2xYQfnsLvw,information technology and services,linkedin.com/company/infoajm,montréal,appdoozy,quebec,1-10,appdoozy.com
canada,2003,uiIjPnXZVtB2sqYodcsiDA8soaXc,information technology and services,linkedin.com/company/nvscor,toronto,nvscor inc. ~ creative | responsive | transformative,ontario,1-10,nvscor.com
canada,2005,5vcYCBVoxdYj7QUbwibsVwztkVzl,information technology and services,linkedin.com/company/spitfireit,hamilton,spitfire i.t. services inc.,ontario,1-10,spitfireit.ca
canada,2007,CiiP1tzOtOolV2PvYbBYRA727fQk,information technology and services,linkedin.com/company/softsolutionsca,coaldale,soft solutions corporation,alberta,1-10,soft-solutions.ca
canada,,CoQRTAbLhAJWyfg8QpnpRgZal26s,information technology and services,linkedin.com/company/sylogix-consulting-inc.,,sylogix consulting inc.,,11-50,sylogix.com
canada,2017,0vgZJhxlPo5o8FZzDoYafgJwfC31,information technology and services,linkedin.com/company/itreboot,st. albert,itreboot inc.,alberta,1-10,itreboot.ca
canada,,RqHdXfLQaEv97OTfXetgtgssHFNs,information technology and services,linkedin.com/company/coveyco,toronto,coveyco,ontario,1-10,coveyco.ca
canada,,21BnbS6mESZ2iEYBZnTDdw8pbIr0,information technology and services,linkedin.com/company/w-c-wood-company-limited,guelph,w c wood company limited,ontario,11-50,
canada,2022,ewkGH4A17PiPBFhzU3Z3BguCx4Ci,information technology and services,linkedin.com/company/conversafy,montréal,conversafy,quebec,1-10,conversafy.com
canada,2020,bwfGhzxSTY0K9ASSa0ljYgMXULFm,information technology and services,linkedin.com/company/serveased-technologies,guelph,serveased technologies inc.,ontario,1-10,serveased.com
canada,2020,ttJVffymaFerqAOdJGBEZAbszbnh,information technology and services,linkedin.com/company/next-in-line-solutions-inc,new westminster,next in line solutions inc,british columbia,1-10,nextinline.xyz
canada,2018,shiIXNvSR1aoSPjs0LoJIAOBcjd8,information technology and services,linkedin.com/company/ventriloc,montréal,ventriloc,quebec,11-50,ventriloc.ca
canada,1996,ouTZrx3lCRH3PxCtCwBqOQ6CrQEh,information technology and services,linkedin.com/company/thathostingco,kingston,that hosting company,ontario,1-10,thathost.ca
canada,,LispcbJtgW1TK02CZqCnCAjENvyc,information technology and services,linkedin.com/company/fernsoft-technologies-inc,mississauga,fernsoft technologies inc,ontario,1-10,fernsoft.ca
canada,,hxIwZYPJYoHRorO1CzCIeAIPG3M2,information technology and services,linkedin.com/company/elegant-cloud-solutions,vancouver,elegant cloud solutions,british columbia,1-10,elegantcloudsolutions.com
canada,2021,TJjtpbmxN6MkBZ1xFGWyAgAsG02g,information technology and services,linkedin.com/company/arihant-esolutions-inc,toronto,arihant esolutions inc.,ontario,51-200,
canada,2021,809fFkGz4j4lJYcjCcDjXAohjvCa,information technology and services,linkedin.com/company/siphoncorp,coquitlam,siphon enterprises corp.,british columbia,1-10,siphoncorp.com
canada,2015,VBFJWbkZ4yKkrASxK7Jc2ghrCdIn,information technology and services,linkedin.com/company/adroit-apps-limited,vancouver,adroit apps limited,british columbia,1-10,adroit.ph
canada,2008,S2DI5u21xd9Tp3a2wKcRng6QrApq,information technology and services,linkedin.com/company/plantech-consulting-ltd,edmonton,plantech consulting ltd,alberta,1-10,plantechconsulting.com
canada,2018,JEeP4dy9dwO1fBC0SqDtcgd0Ears,information technology and services,linkedin.com/company/datmark-technologies,calgary,datmark technologies ltd,alberta,1-10,datmarktechnologies.com
canada,1995,0uo8JN45ndvh8x0CihQMcgIYh8Bq,information technology and services,linkedin.com/company/ristech-company-inc.,burlington,ristech company inc.,ontario,1-10,ristech.com
canada,2020,ong931jvr3UAQflWlHtiSwwNE9ny,information technology and services,linkedin.com/company/kasa-systems-inc,calgary,kasa systems inc.,alberta,1-10,kasasystemsinc.com
canada,2001,eZZdVnIHytV5BqDc9wb8yADvzONq,information technology and services,linkedin.com/company/i2bglobal-inc-,hamilton,i2bglobal inc.,ontario,1-10,i2bglobal.com
canada,1999,MsMStjjeh90ywtVcbBaqBAr1mcGr,information technology and services,linkedin.com/company/linux-professional-institute,port hope,linux professional institute,ontario,11-50,lpi.org
canada,2020,kSvKAup5JDK8ewtGQ4GIjw7TuLkg,information technology and services,linkedin.com/company/infostrux,vancouver,infostrux solutions,british columbia,51-200,infostrux.com
canada,,65w4Vu0XFAsRXHVXoOzK1QlcYNMz,information technology and services,linkedin.com/company/straj-solutions,ajax,straj solutions inc,ontario,11-50,straj.com
canada,2006,zGa1cjCj5X8f8tmByw9ApgkrgD6z,information technology and services,linkedin.com/company/in-rgy,montréal,in-rgy group,quebec,51-200,in-rgy.com
canada,2014,aClUzSrG7dMCjExrQJxyBgLv8Yus,information technology and services,linkedin.com/company/artmtl,montréal,artmtl,quebec,1-10,hamzamejri.com
canada,,zBqgazE7bJHq3L9PcjzJeAlNnl69,information technology and services,linkedin.com/company/insolutionscorp,ottawa,insolutions inc.,ontario,1-10,insolutionscorp.com
canada,,HXSNkHjFhOxD5FhVRv7n7wTqOlCC,information technology and services,linkedin.com/company/sea-to-sky-technology-services,whistler,sea to sky technology services,british columbia,1-10,seatoskyit.com
canada,,YiPy1jMIjLAfBG0jddQTQAG9VdzZ,information technology and services,linkedin.com/company/rugged-it-consulting-ltd,calgary,rugged it consulting ltd,alberta,1-10,ruggedit.ca
canada,2007,0IlbIBEjrHX5KtErLIqXnQLdGb39,information technology and services,linkedin.com/company/it-fit-solutions-inc-,vaughan,it-fit solutions inc.,ontario,1-10,itfitsolutions.ca
canada,2019,OvDBkcCgcWdHj4YjLWADmwptEhXX,information technology and services,linkedin.com/company/claritysolutions2019,london,clarity solutions,ontario,1-10,claritysol.ca
canada,2012,B8gXGvyT4hU06ltk9yHO9AkIpsgz,information technology and services,linkedin.com/company/concon-management-services,toronto,concon management services,ontario,1-10,concon.com
canada,2023,Klsaw3GrVkSEm6VyBE9ebgnuZIcr,information technology and services,linkedin.com/company/greentech-innovators-club,kelowna,greentech innovators club,british columbia,11-50,forms.gle/2huqzihtfvi693hd6
canada,2013,7Xgy4KBQ1u2sbthtvJwbUw3ARZu9,information technology and services,linkedin.com/company/f2pool,,f2pool,ontario,11-50,f2pool.com
canada,2016,uRCDCUPwfBfcd4P38aAPMAoOGjUX,information technology and services,linkedin.com/company/marketingraptors,toronto,marketing raptors llp,ontario,11-50,marketingraptors.com
canada,,ZZzQsH3IbaHBBJEEcfy0ywBgkuPC,information technology and services,linkedin.com/company/samerica-technologies,vancouver,samerica technologies,british columbia,1-10,
canada,1980,CFcFBEXxmcbLBZ9MQIKY0A7yW1lC,information technology and services,linkedin.com/company/innovation-place-soco,saskatoon,innovation place,saskatchewan,51-200,innovationplace.com
canada,2018,UBxMt0xmkM6RyXDiJWawhwG1yW28,information technology and services,linkedin.com/company/krowdxinc,montréal,krowdx inc.,quebec,1-10,krowdx.net
canada,2017,ygqgR52OnFT3m3OkwlM42gD16BTS,information technology and services,linkedin.com/company/scriptbox,etobicoke,scriptbox,ontario,11-50,scriptbox.ca
canada,,CH1aJbggF35RCaLqjlmkCQXDzvwF,information technology and services,linkedin.com/company/cata-co-ltd,,cata co. ltd,,1-10,catafastener.com
canada,2005,H7K2yOmTT5TwoPiPWumMfQMsWTo6,information technology and services,linkedin.com/company/atrema-technologies,calgary,atrema technologies,alberta,11-50,
canada,2016,GLnBBrfxBPwjvjB2VDuYoQF4gDDG,information technology and services,linkedin.com/company/hracanco,vancouver,hracan,british columbia,1-10,hracan.ca
canada,2010,4N4E4wqGFyzoCOe5PmkSow9t0bno,information technology and services,linkedin.com/company/igenius-inc,north vancouver,igenius inc.,british columbia,1-10,igeniusinc.com
canada,2001,LkXt2tvZgCPNEC0cD9DD6w5NzaUb,information technology and services,linkedin.com/company/groupehi5,montréal,traffic-tel,quebec,11-50,groupehi5.com
canada,,hhrlGQUnfjVFXvVJfpxTIA1UXplV,information technology and services,linkedin.com/company/housecall-computers,oshawa,housecall computers,ontario,1-10,housecallcomputers.net
canada,,89HCoAC0C0TIJTrj0ADBHgdHEW5w,information technology and services,linkedin.com/company/syros-imaging,vancouver,syros imaging,british columbia,1-10,syrosimaging.com
canada,2018,sQHoISSYaWKA2eqfVuXACAFiJyic,information technology and services,linkedin.com/company/myaqs,vancouver,advanced quality systems inc.,british columbia,1-10,myaqs.com
canada,2014,CuEiQU3AIuutztVZ00R8ag8UAB45,information technology and services,linkedin.com/company/pradhan-business-group-inc-,mississauga,pradhan business group inc.,ontario,1-10,pbginc.ca
canada,1999,oKQL7itr7Ra00Gy68jYjFQNuJaOb,information technology and services,linkedin.com/company/les-specialistes-hcs,montréal,hcsmontreal,quebec,1-10,hcsmontreal.com
canada,2020,PWBogfN1EOB4zfQbXrUU8QyvwXmC,information technology and services,linkedin.com/company/iocallab,toronto,iocallab,ontario,11-50,iocallab.com
canada,,PJC6cHmhjI9CB3kpSJIbywYDcuAr,information technology and services,linkedin.com/company/justsave-ca,laval,justsave.ca,quebec,1-10,justsave.ca
canada,1998,GxkxbWCwLbet9x0skpLBZAzRVKf1,information technology and services,linkedin.com/company/altencanada,toronto,alten canada - toronto division,ontario,10001+,proex.ca
canada,2008,7ECzH8yu42h4S9xZwpc7gQF0qV7G,information technology and services,linkedin.com/company/nextware-technologies-inc,mississauga,nextware technologies inc,ontario,1-10,nextwaretechnologies.com
canada,2019,aS1Y6IoMFZABUIqXLCIqbgWJqEVU,information technology and services,linkedin.com/company/gray-routes-ai,toronto,gray routes ai,ontario,1-10,grayroutesai.com
canada,,qgQlsbtnyNNvpDm8Fe7wwwvWb4hI,information technology and services,linkedin.com/company/bella-tech-inc,montréal,bella tech inc,quebec,1-10,bellatech.app
canada,1983,m3Cg3eSTiIjCrCPfuBrBzQMwCbje,information technology and services,linkedin.com/company/western-canadian-software-inc.,edmonton,western canadian software inc.,alberta,11-50,wcs.ab.ca
canada,2018,VXJbFm1mez7rCdxjBErBXQrf91ya,information technology and services,linkedin.com/company/reputiva,toronto,reputiva,ontario,1-10,reputiva.com
canada,2016,FMWwhG3EQJ5k47O5B0WUPgOnN6iR,information technology and services,linkedin.com/company/logibytes-inc,montréal,logibytes inc.,quebec,1-10,logibytes.ca
canada,1999,ql5pBFLWX80AFpyhcrhPCwEsZ7EM,information technology and services,linkedin.com/company/supra-canada,mississauga,supra canada,ontario,11-50,
canada,2011,evWQJckoUh3HIUk4JkDKYgOnx0IF,information technology and services,linkedin.com/company/openworks-technologies-p-ltd,ajax,openworks technologies,ontario,1-10,openworks.in
canada,2001,l0TXTrHgbHjxKTRL9QCE9w77aQZ9,information technology and services,linkedin.com/company/voicepc-inc-,ottawa,voicepc inc.,ontario,1-10,voicepc.com
canada,,URLIM2JlC5pxCghqNdbDMwdSdsCz,information technology and services,linkedin.com/company/smartecsolutions,waterloo,smartec solutions inc.,ontario,1-10,
canada,2006,zhp7se55pafAIxXgo5ReGAM0Sj3f,information technology and services,linkedin.com/company/cognitive-x-solutions-inc-,moncton,cognitive x,new brunswick,1-10,cognitivex.com
canada,2014,w3tUvcrgHbCnpAVH1SkoTgyiLxa6,information technology and services,linkedin.com/company/odax-inc.,,odax,quebec,1-10,odax.ca
canada,2024,eGYYauKPh4IlQoZT9TXCiwmRfdAV,information technology and services,linkedin.com/company/7-generations-digital,vancouver,7 generations digital,british columbia,1-10,7gd.ca
canada,2024,Lpgi2umpSEen4Izfj0RNEAopanJZ,information technology and services,linkedin.com/company/southwest-tech-solutions,lower wedgeport,southwest tech solutions,nova scotia,1-10,swtechsolutions.ca
canada,2023,YC4c3nN6V2yB4Vw8ICuFwwjkd2LS,information technology and services,linkedin.com/company/jvd-controls-inc,chatham,jvd controls,ontario,1-10,
canada,2018,5OFsVJ2OA5gdgaaF5hhe4Ax28dQt,information technology and services,linkedin.com/company/jdlabs,montréal,jd labs technologies inc.,quebec,1-10,jdlabs.co
canada,,DLFU5dTTB18oqy1WeL4wNQyRK7kG,information technology and services,linkedin.com/company/courtcanada-ltd,toronto,courtcanada ltd,ontario,11-50,courtcanada.com
canada,,RrB3z0GKm9PuCpiacGi4hAsCRyER,information technology and services,linkedin.com/company/kalina-terzieva-consulting,montréal,my coaching brain,quebec,1-10,
canada,,veB85YzoCJyVdme3dSYfuAqZh5JX,information technology and services,linkedin.com/company/gloqubase,toronto,gloqu,ontario,1-10,gloqu.com
canada,,wLr3xGBKNBMCWPbMlYLL7wyuii7X,information technology and services,linkedin.com/company/scoville-consulting-limited,"brudenell, lyndoch and raglan",scoville consulting limited,ontario,11-50,
canada,2017,YtTrOJTX8d0CaS5EZmPTIgvdBtb9,information technology and services,linkedin.com/company/jiim,toronto,j!im,ontario,1-10,jiim.ca
canada,,3z33psPYKaJs5xGXONYdJwn53Rv6,information technology and services,linkedin.com/company/m3s4-wealth,toronto,m3s4 wealth,ontario,11-50,m3s4.com
canada,2008,WaFo1zREXMHAegn9qsgeYQIKrAP4,information technology and services,linkedin.com/company/minuit-moins-une-inc-24m1,saint-sauveur,minuit moins une inc. (24m1),quebec,1-10,24m1.com
canada,,Rzh6ysPETfYrYrl1aIT70w5LCuJY,information technology and services,linkedin.com/company/les-ordinateur-ebr-microstar,saint-leonard,les ordinateur ebr microstar,quebec,1-10,
canada,1997,61dMhQfUqiPf7WkiTCbU2gNY4gbG,information technology and services,linkedin.com/company/247networksca,coquitlam,247 networks ltd.,british columbia,11-50,247networks.ca
canada,2016,8JzDAnL6Pnne17kBbtXXrwehtM9h,information technology and services,linkedin.com/company/it4canada,langley,it4canada systems inc.,british columbia,1-10,it4canada.com
canada,2017,X0I5eTCBSTtHm6XJvsaCfAjAwWQT,information technology and services,linkedin.com/company/silverbolt,montréal,silverbolt,quebec,11-50,silverbolt.ai
canada,,lBFRDoftyKq2Kj994eIe0wKcsRjr,information technology and services,linkedin.com/company/dynamic-fresh-software-inc.,,dynamic fresh software inc.,,1-10,dynamicfresh.com
canada,1999,5evhEjgnWnDHKMJLOsAOzwZoFN09,information technology and services,linkedin.com/company/aoulous-inc.,toronto,aoulous inc.,ontario,1-10,aoulous.com
canada,2016,P0BTEmmu8PFtyvW94GegKQH0MfXA,information technology and services,linkedin.com/company/ottawa-cloud-consulting,ottawa,ottawa cloud consulting,ontario,1-10,ottawacloudconsulting.com
canada,2023,Q0CCOvp8fSdupvnbdlwmxQYfFIiP,information technology and services,linkedin.com/company/seymourcreation,quebec city,seymour creation,quebec,1-10,seymourcreation.com
canada,2003,gVw2UZ6JNY1C6U3hmNvCCwrhLcjz,information technology and services,linkedin.com/company/rbro-solutions-inc,toronto,rbro solutions,ontario,11-50,rbrosolutions.com
canada,1998,2IjBsxJRhyjTx1dOYRB4KAWvkXQ3,information technology and services,linkedin.com/company/logimaax-technologies,longueuil,logimaax technologies,quebec,1-10,logimaax.ca
canada,2022,FcR2olHiSynsXyQvj60nBAnf9dDS,information technology and services,linkedin.com/company/azoxy,brampton,azoxy technologies,ontario,1-10,azoxy.com
canada,,VHhB6rzxNGoYbttM91PCkQsNL3DQ,information technology and services,linkedin.com/company/apto-information-technologies-ltd.,vancouver,apto information technologies ltd.,british columbia,11-50,
canada,2010,doq0jTtHjvgCB3tmu36q2wHOo22L,information technology and services,linkedin.com/company/3r-automation-inc.,okotoks,3r automation inc.,alberta,1-10,
canada,2015,l13aXOh4mztCrqZ1LOLxuAT9fDns,information technology and services,linkedin.com/company/north-star-systems-inc1,saskatoon,north star systems,saskatchewan,11-50,tattle.systems
canada,2016,AmU0HdzKCi3gtzYDqxh75g9sRrQ4,information technology and services,linkedin.com/company/emploisti-com,montréal-est,emploisti - it job site,quebec,1-10,emploisti.com
canada,,ut3cIkl7UApdMPlp4E9acQTjsp8v,information technology and services,linkedin.com/company/vertigo-innovation,montréal,vertigo innovation,quebec,1-10,vertigoinnovation.com
canada,2024,inpgTaolYwosY9P8UrF3UgSFy6fC,information technology and services,linkedin.com/company/renospatial,parksville,renospatial solutions,british columbia,1-10,
canada,,GFkE3aNEZoaC0GBK883FJQ92wPCT,information technology and services,linkedin.com/company/chartwell-consultants,north vancouver,chartwell consultants,british columbia,1-10,chartwell-consultants.co.uk
canada,2010,StzF771XB1Oin12gpGSJ2w6Y441h,information technology and services,linkedin.com/company/spyder-digital-research-inc-,toronto,spyder digital research inc.,ontario,11-50,spyderstyle.com
canada,2018,Jyvppr5uMzmMMxnntfGNuwY2Vykz,information technology and services,linkedin.com/company/pravatus-technology-solutions,winnipeg,pravatus technology solutions,manitoba,1-10,pravatustech.com
canada,,9xoJX1g9KsHCvO4rHR1UGAXqHnbH,information technology and services,linkedin.com/company/aa1-msq-visaenterprise-ltd-,ottawa,aa1 msq visaenterprise ltd.,ontario,1-10,visaenterprise.com
canada,2004,hAVjIrFrxvcWSr4NkSrShA8oO9CT,information technology and services,linkedin.com/company/at-labs-canada-inc-,toronto,at labs canada inc.,ontario,11-50,atlabsinc.ca
canada,,D5eCQgC1NnKv0KDuhvJqiAYG5ZYn,information technology and services,linkedin.com/company/socoloco,victoria,socoloco,british columbia,1-10,socoloco.ca
canada,2015,cPyWwn0YpEqcur0njNFkjwlLXH4J,information technology and services,linkedin.com/company/calibur-consulting,toronto,calibur consulting,ontario,1-10,calibur.ca
canada,2015,NUEvn4OZUdlrqBBcnBgRAgt6jJrQ,information technology and services,linkedin.com/company/idcode-solutions,prévost,idcode solutions,quebec,1-10,
canada,2020,Hl62mHqUwbtJvRjYsYrLoQKuskP0,information technology and services,linkedin.com/company/aynils,moncton,aynils,new brunswick,1-10,aynils.ca
canada,2014,8kcmxm6M4Yhm33DAeMQwbgXclv34,information technology and services,linkedin.com/company/productions-tmv-inc.,montréal,productions tmv inc.,quebec,11-50,productionstmvonline.com
canada,2020,2JuZEeHPF9inRB17yqWPRws6pVbF,information technology and services,linkedin.com/company/ffu-solutions-inc,vancouver,papionfee,british columbia,1-10,ffuinc.ca
canada,2012,nNI2xvQHbmN3kDpl7IBJjwgBnguh,information technology and services,linkedin.com/company/maas-pros,markham,maas pros inc.,ontario,11-50,maaspros.com
canada,,h0w9w0lMf6jiNf0A0R3KAQPUviWN,information technology and services,linkedin.com/company/ia-sciences,toronto,ia sciences,ontario,1-10,
canada,2007,OMtLjGpEInwLw7iFM1NieAGcFc84,information technology and services,linkedin.com/company/qaiassist,ottawa,qaiassist,ontario,11-50,qaiassist.com
canada,,vHWd3ZCCVH9CT9VO306oCgyGPAnV,information technology and services,linkedin.com/company/iwebbs-mississauga-web-design-services,mississauga,iwebbs mississauga web design services,ontario,1-10,
canada,,o4qcFssrI9ocmxDzEEiDigb9ZUX1,information technology and services,linkedin.com/company/rrai-recycling-&-recovery-assets-international-ltd,vulcan,rrai recycling & recovery assets international ltd,alberta,11-50,
canada,,bnfwar6bh9Lk7oQWJXZiNQGoZh3I,information technology and services,linkedin.com/company/tech-talent-labs,toronto,tech talent lab,ontario,11-50,
canada,2014,i0vAZqQ74BLjYTyQLWE7HQrTJ6qM,information technology and services,linkedin.com/company/reorg360,toronto,reorg360 inc.,ontario,1-10,reorg360.com
canada,2010,7DWMGmsSESlT0CxHFqtzww5VnIdr,information technology and services,linkedin.com/company/residence-connect,toronto,residence connect,ontario,1-10,residenceconnect.com
canada,,Ro4zoJ8T3bZf5q3pOx8GrA0iM7Lv,information technology and services,linkedin.com/company/offroy-ca,val-d’or,offroy.ca,quebec,1-10,offroy.ca
canada,,D6dL6zy5xS811C2VhLiG1g3yMNaQ,information technology and services,linkedin.com/company/digitalbuisnessdrive,surrey,digital business drive,british columbia,1-10,kirannraj.com
canada,2012,XBwTHTA8W7G8Bjkg8G7DKwQYrmlv,information technology and services,linkedin.com/company/neovation,winnipeg,neovation learning solutions,manitoba,51-200,neovation.com
canada,2019,ruqkkZPDD0zG9qhl95cb9gvwURvU,information technology and services,linkedin.com/company/coded-level,toronto,coded level,ontario,1-10,codedlevel.com
canada,1990,tW3B1sjIp7F3lw0ABBQOLwXbnMOR,information technology and services,linkedin.com/company/ultimate-business-systems,victoria,ultimate business systems,british columbia,11-50,ultimate.net.au
canada,2001,IRd6f4nty4lpSLQwfcBMyw4FRwpv,information technology and services,linkedin.com/company/nptech-systems-group-inc.,calgary,nptech systems group inc.,alberta,1-10,nptech.com
canada,2006,UHbWZ0n1LySB2XKjXWOU9QKnT7Ir,information technology and services,linkedin.com/company/jiponet,calgary,jiponet inc,alberta,1-10,jiponet.com
canada,2020,LRWn4MasgVPg4TuIwjXLpAuKka54,information technology and services,linkedin.com/company/designinvoke,toronto,design invoke,ontario,1-10,designinvoke.com
canada,2020,6x1D3xxcLKlxdzM1SMGRMw2D3mJI,information technology and services,linkedin.com/company/2782436-inc-ontario-cthomson-consulting-services-inc,stouffville,beachcomber management & marine services inc.,ontario,1-10,
canada,2016,kpz5GIXkMKFqKhIro7CtBwitntRb,information technology and services,linkedin.com/company/domotinc,saint-luc-de-vincennes,domotinc,quebec,1-10,domotinc.com
canada,,h2CzCCBNBXZHw2UnImB5rAZU2urV,information technology and services,linkedin.com/company/future-connect-inc,toronto,future connect inc,ontario,1-10,futureconnect.ca
canada,2022,sMEybYGus6ACMxMNpybC5wXtOQ3U,information technology and services,linkedin.com/company/agetechlabs,toronto,agetech labs,ontario,1-10,agetechlabs.ca
canada,2022,gmey5DCR1Ncc6V6WJAUjegkwUST4,information technology and services,linkedin.com/company/novax-2023,markham,novax,ontario,51-200,novax.finance
canada,2004,3DadJyyZafVvjnwZWdkqKwY8UrOi,information technology and services,linkedin.com/company/gdm-groupe-conseil,saint-basile-le-grand,gdm groupe conseil,quebec,11-50,gdmxerox.ca
canada,2001,cfKGPk3Py50TBNohyjhQBwfqArdF,information technology and services,linkedin.com/company/elanture,montréal,elanture,quebec,1-10,elanture.com
canada,2014,AZgbSqnQczdk8uETHyo4kgzXUgVe,information technology and services,linkedin.com/company/brunty-corporation,toronto,brunty health it consulting,ontario,1-10,brunty.ca
canada,2004,DH2JyYHKRRIxyVFXNIjYWg0whl8O,information technology and services,linkedin.com/company/itfx-ca,toronto,it fx,ontario,1-10,itfx.ca
canada,2019,CdDqSzfKtoAq6pnOvLrRbw6u3bgh,information technology and services,linkedin.com/company/torontodug,toronto,toronto dynamo user group,ontario,1-10,torontodug.ca
canada,2008,u838MBSXrbP65XrZp6JGxQY0SrEZ,information technology and services,linkedin.com/company/senteccorp,whitby,sensored technologies inc.,ontario,1-10,senteccorp.com
canada,2010,dHOnEnRijsLBU7kcCAdSBQncyWoR,information technology and services,linkedin.com/company/thorsolutions-inc,,thorsolutions inc.,nova scotia,1-10,thorsolutions.ca
canada,2018,QrbTq6mc5CP15BJVLYE0cwiuS7OT,information technology and services,linkedin.com/company/agile-u,montréal,agile-u,quebec,1-10,agile-u.com
canada,,6474y7CILhnRI1kp15GTQwKE1wRF,information technology and services,linkedin.com/company/trinfortrinservice-ca,brampton,trinfortrinservice.ca,ontario,11-50,trinfortrinservice.ca
canada,2018,D26eoPnXdjVGRMvE1DhlZQN0d2yp,information technology and services,linkedin.com/company/xcodethemes,mississauga,xcodethemes,ontario,11-50,xcodethemes.in
canada,2012,KKpkxliQjJyX6Qc3e5nHMQMg8Dwk,information technology and services,linkedin.com/company/linked-data-innovations,toronto,linked data innovations inc.,ontario,1-10,linkeddatainnovations.com
canada,2008,IVNhiHrjnajau3u8jnGrBw1YXoMf,information technology and services,linkedin.com/company/endekus-corporation,toronto,endekus corporation,ontario,1-10,endekus.com
canada,2017,bbHsGpmCiqWPWwQbM0RfyQMHobV8,information technology and services,linkedin.com/company/zodhainc,montréal,zodha solutions inc,quebec,1-10,
canada,2015,s9gNxkiBNCH3ulqcC5taVgMzMruT,information technology and services,linkedin.com/company/sii-canada,montréal,sii canada,quebec,51-200,siicanada.com
canada,2015,BURhtrBvatcsnXbjNRN1fgMVTR3w,information technology and services,linkedin.com/company/ubique-networks,whitby,swarmio,ontario,11-50,swarmio.media
canada,,qmIowiNdUCF0gT03Sjw4qAaaibwC,information technology and services,linkedin.com/company/roeperweise-systems-canada,,roeperweise systems canada,,1-10,roeperweise.com
canada,,lgflAEzYBzoClbpHgLXd9AMljE1f,information technology and services,linkedin.com/company/payplus-corporation,vaughan,payplus corporation,ontario,11-50,payplus.ca
canada,2023,3MUFGZabfTfhVg7aIxRpBwsG5pm2,information technology and services,linkedin.com/company/enovaitca,vaughan,enovait,ontario,51-200,enovait.io
canada,,aCyJynJ0vYrNonMUBIJ1Ugxrf9Hz,information technology and services,linkedin.com/company/mander-bros-enterprises-ltd,surrey,mander bros enterprises ltd,british columbia,51-200,manderbros.com
canada,2019,BI8mOycXsT9YiK3GC2fGQQqJVS8t,information technology and services,linkedin.com/company/plethora-solutions-inc,edmonton,plethora solutions inc.,alberta,1-10,plethorasolutions.org
canada,2001,8SiAak50DBbQis28B5jr1QwNRy7i,information technology and services,linkedin.com/company/intega-it,ottawa,intega it,ontario,11-50,intega.ca
canada,2023,YFo92o3RzwVeeSBYi3FPTQ13NjgC,information technology and services,linkedin.com/company/curate-analytics,vancouver,curate analytics,british columbia,1-10,curateanalytics.ca
canada,,BTBY2LV9GBavfrjml6qV2AgwVU3K,information technology and services,linkedin.com/company/farsley,,farsley,,1-10,farsley.co
canada,,Pj6IqXfb6h8yCH4l85938QZEPlZk,information technology and services,linkedin.com/company/breken-group-of-companies-incorporated,peterborough,breken group of companies incorporated,ontario,1-10,breken.com
canada,2016,fBW5VgCuBxJ2elvgWXUFCAt0FyDW,information technology and services,linkedin.com/company/ordiweb,montréal,ordiweb,quebec,1-10,ordiweb.com
canada,2000,cKB1s4yRvfToCCAZL7xzswbEKK7y,information technology and services,linkedin.com/company/q4-solutions-corporation,mississauga,q4 solutions corporation,ontario,11-50,q4solutions.ca
canada,2017,5HhY2b31BCwEFYdnBnhwBgYlWXEs,information technology and services,linkedin.com/company/uxpato,toronto,uxpa toronto,ontario,11-50,
canada,,5zDhCYSLfaTvNfINO4VopgIzuHna,information technology and services,linkedin.com/company/avondx,toronto,avondx,ontario,1-10,avondx.com
canada,1998,t2m81hBdGFxBhNlp9qZS8QYrYv56,information technology and services,linkedin.com/company/general-motors-financial-of-canada-limited,toronto,general motors financial of canada limited,ontario,1-10,gmfinancial.ca
canada,,wCICHjZ9GUmtpGcl9fprAQ8uVgGd,information technology and services,linkedin.com/company/lummify,london,lummify,ontario,1-10,lummify.com
canada,2016,Gb8tN84LK0oitJ2CpIBcDQSFqz1F,information technology and services,linkedin.com/company/kye-bay-systems-inc.,vancouver,kye bay systems inc.,british columbia,1-10,kyebaysystems.com
canada,1986,RFWNq2TJICfg6b78yXYnygCquyzt,information technology and services,linkedin.com/company/compeltechnology,,compel technology inc.,,1-10,compeltechnology.com
canada,2007,CVdggYwrvZPb0qIa5IPt2AzRmV3Y,information technology and services,linkedin.com/company/fusion-business-solutions-inc.,grande prairie,fusion business solutions inc.,alberta,11-50,
canada,,Bb0Cly142MDG0gqzAEmpkQaz0T4t,information technology and services,linkedin.com/company/uniq-it-services-ltd,calgary,uniq it services ltd,alberta,1-10,
canada,,3JZjLaAXBeDDAF62By0d1Ak0JqGf,information technology and services,linkedin.com/company/pathix-asp-inc,st. john's,pathix asp inc,newfoundland and labrador,11-50,pathix.com
canada,2013,Z8FS150eJPCBecmaY4rBFw0bgo8Z,information technology and services,linkedin.com/company/chabsolut-consultants-inc-,boisbriand,chabsolut consultants inc.,quebec,1-10,chabsolut.com
canada,,czZcoqDtxn5wGymfU551CQSnfG4S,information technology and services,linkedin.com/company/dmg-services,south stormont,dmg services,ontario,1-10,brandauthority.marketing
canada,2010,xDv3VNNBTz8P8gNG7dxCRASfRKRm,information technology and services,linkedin.com/company/whistler-tech-consulting-inc-,mississauga,whistler tech consulting inc.,ontario,11-50,whistlertech.ca
canada,,ixordBQHV2UbwQpAUj7CzwXWWQif,information technology and services,linkedin.com/company/go-energy-clean,mississauga,go energy clean,ontario,11-50,goenergyclean.com
canada,,GBemnUFNdVpKPCj71RrXyw4ZXqb3,information technology and services,linkedin.com/company/scl-technology-solutions,,scl technology solutions,,51-200,scltech.com
canada,2020,0XMYVRoBIo27TVCREg1H6gGU5oS4,information technology and services,linkedin.com/company/cspti-inc,,cspti inc.,quebec,51-200,cspti.ca
canada,,BGjeSoUoRPhpM8PEKOcloAtwwPTl,information technology and services,linkedin.com/company/cipher-solutions-it-solutions,brampton,cipher solutions -  it solutions,ontario,11-50,ciphersolution.co
canada,2016,R6Bt4n9LaF4c05b68ZlowQjV6WHO,information technology and services,linkedin.com/company/systemnext,toronto,"system next consulting, inc.",ontario,1-10,systemext.wordpress.com
canada,,oIz71ntGxCso0mgfOp7KCAZF2LrZ,information technology and services,linkedin.com/company/xcorp,montréal,xcorp,quebec,1-10,xcorp.ca
canada,2014,pSvCiZtb0tT1sTyimuVI1Qgu8hHP,information technology and services,linkedin.com/company/mapleaccess,burlington,mapleaccess software development incorporated,ontario,1-10,
canada,2019,AZsraT4X1MxjaYCwxXgliQNsQLDY,information technology and services,linkedin.com/company/itm2-consulting-corp,toronto,itm2 consulting,ontario,1-10,
canada,2006,QjpADI8vYfEAViCDnKbXhw3CqovD,information technology and services,linkedin.com/company/iqmi,vancouver,iqmi,british columbia,1-10,iqmi.ca
canada,,jA2oxF9GXWtMd25rJrjHEwFaSxIr,information technology and services,linkedin.com/company/gold-silver-guy,,gold silver guy,,1-10,goldsilverguy.ca
canada,2021,XCrUcICeYh1BNzg3O3nszwHwwzww,information technology and services,linkedin.com/company/collisionless,toronto,collisionless,ontario,1-10,collisionless.com
canada,2016,2ZTQBsD8QdXGIvMUNVI1UAKj08ca,information technology and services,linkedin.com/company/aspire-software,montréal,aspire software,quebec,1001-5000,aspiresoftware.com
canada,2000,xA0eJPqL9wjn0G5nvlnn1QVBzxdx,information technology and services,linkedin.com/company/querytel-inc,mississauga,querytel inc,ontario,11-50,querytel.com
canada,2019,1EfjFBSeH5CyC2gDIKlfUAmIcxBQ,information technology and services,linkedin.com/company/electronicsettlementsolutions,vancouver,electronic settlement solutions,british columbia,1-10,
canada,2016,BNMeBXx9O7BnGpCr0dzsQQT52irh,information technology and services,linkedin.com/company/3tree,toronto,3tree | industry changing solutions,ontario,1-10,3tree.ca
canada,2015,cZZFnx6f7CBMpuwP4NDfbAuhteJn,information technology and services,linkedin.com/company/technogam-canada-inc-,boisbriand,technogam canada inc.,quebec,1-10,technogam.ca
canada,2020,Ccg4OLC3MVXyh2BTDGBLhgp9mFNz,information technology and services,linkedin.com/company/coviapp,montréal,covi,quebec,1-10,coviapp.ca
canada,1984,2CNibTHPQEBZPP2ZM3NSBQog7hZp,information technology and services,linkedin.com/company/lockheed-martin-canada-cdl-systems-ltd,calgary,lockheed martin canada cdl systems ltd,alberta,51-200,
canada,2014,Y5yqKqgdvOh6lv3xtW9CTw5Xwl4d,information technology and services,linkedin.com/company/nuance-r,montréal,nüance-r,quebec,1-10,nuance-r.com
canada,2017,9ao1eTAO9u3XFtDyEKB5jgFPAx4b,information technology and services,linkedin.com/company/vume-inc,thornhill,vume inc.,ontario,1-10,vume360.com
canada,2012,0P0q0j9AJlg4f3mYufBRCQL1CT8u,information technology and services,linkedin.com/company/toicorp,toronto,touch of intelligence corporation - toicorp,ontario,11-50,toicorp.com
canada,2017,HjhoSdiwOwxZQABXTjYx0wdV4SMO,information technology and services,linkedin.com/company/dmtechsolutions,calgary,dm tech solutions,alberta,1-10,dmtechsolutions.ca
canada,1998,aelhA85U5IeA1uxdRMPQ7wsi4Y04,information technology and services,linkedin.com/company/esper-consulting-inc.,,esper consulting inc.,,1-10,esper.ca
canada,2022,lY6s8rB7WYJv92cKoE7rCACyQ6R1,information technology and services,linkedin.com/company/international-conference-on-smart-mobility,,ieee international conference on smart mobility,ontario,11-50,ieeesm.org
canada,2000,RKR7X9N2Of5ZEK2eC5egggkSucWl,information technology and services,linkedin.com/company/modern-information-technology-iton-llc,mississauga,iton technologies pvt. ltd.,ontario,501-1000,iton.com
canada,2022,PKlVAcobDwBuKs8uVZqIpQjv4ML7,information technology and services,linkedin.com/company/ekotek-energies,thetford mines,ekotek énergies inc.,quebec,11-50,ekotekenergies.com
canada,2011,5o5VQopLKxt1Jp9aHkF0zAzWpuxa,information technology and services,linkedin.com/company/content-bloom-inc-,london,content bloom,ontario,11-50,contentbloom.com
canada,,4fCxPJcmzeuUMZBMdpRSiAfRSZzd,information technology and services,linkedin.com/company/bioniq,ottawa,bioniq,ontario,1-10,bioniq.ca
canada,,eCNVjtHKdzfufQtRhMFZkwmEMPgb,information technology and services,linkedin.com/company/sms-looky,verdun,sms looky,quebec,11-50,smslooky.com
canada,2005,gtDpXJFmg9JZmBw9jNBSRggtJyDr,information technology and services,linkedin.com/company/eye-t-consulting,montréal,eye t consulting,quebec,11-50,eyet.ca
canada,2019,qoBt2DO1g8QlQ5yHiCPoRAvAKIMG,information technology and services,linkedin.com/company/intelliroglobal,toronto,intelliro global,ontario,51-200,intelliroglobal.com
canada,2018,Vx9tBW8esj7CLq8KBFKC7wgZDqkL,information technology and services,linkedin.com/company/qscale,lévis,qscale,quebec,11-50,qscale.com
canada,,mDBSo35ZHzc7EHSxbGhjpgi4bAHV,information technology and services,linkedin.com/company/gomax-solutions,vernon,gomax solutions,british columbia,1-10,gomaxsolutions.com
canada,1990,2HXL2FYCVYxYXfNJlUa9Ew1810KW,information technology and services,linkedin.com/company/ispac-solutions-inc.,london,ispac solutions inc.,ontario,1-10,ispac.com
canada,2010,ikcZdiQu5wyU15bjhvIM7Qi5M3ZH,information technology and services,linkedin.com/company/aspen-iaq-laboratories-ltd,edmonton,aspen iaq laboratories ltd.,alberta,1-10,
canada,2022,Qz0vHqrN2p7GDINL7EpnZQbqFFSF,information technology and services,linkedin.com/company/i2prod,burnaby,i2prod,british columbia,1-10,i2prod.ca
canada,,JCWn9rTUmaBzDVfcXB2ucwFOnYg6,information technology and services,linkedin.com/company/loney-technical-services-ltd,,loney technical services ltd,,1-10,loneytech.com
canada,2012,D4E2FBGgArqsJsru3vcy3AU65M9A,information technology and services,linkedin.com/company/the-repair-factory,nelson,the repair factory,british columbia,1-10,repairfactory.ca
canada,2021,pScJAKQjYJbGiLqVScryvwXf4ih8,information technology and services,linkedin.com/company/stackera,toronto,stackera,ontario,11-50,stackera.io
canada,2019,UsHfWyYjMCHYzgh7vgXTBgK4FNoV,information technology and services,linkedin.com/company/icon-digital-hub-inc,mississauga,dnestegg,ontario,51-200,dnestegg.com
canada,2017,PQAEiEv9VvSGeZtP37tu9wSpY3zq,information technology and services,linkedin.com/company/blockware-tech,calgary,blockware technologies ltd,alberta,1-10,blockware.tech
canada,2020,edECGxzaXDaP6BXiWfy5swKkb9BJ,information technology and services,linkedin.com/company/singular-effect-solutions,amherstburg,singular effect solutions inc.,ontario,1-10,
canada,2021,l0QAwctNT2A1d7HlSGd1Zwyfv8YK,information technology and services,linkedin.com/company/xpert-it-solutions-inc,brampton,xpert it solutions inc.,ontario,11-50,xpertitsolutions.org
canada,,ug0C4OdOCuOgo2mNhBHivAlFGdtm,information technology and services,linkedin.com/company/comfort-mobile,saskatoon,comfort mobile,saskatchewan,1-10,comfortmobile.net
canada,,QgCuvO6TPxCr3TeCzCmfIgYX8Lba,information technology and services,linkedin.com/company/osiris-logiciel-inc,montréal,osiris logiciel inc,quebec,1-10,
canada,,XlQfatBEWI3CVgjJhJejgQzEZ8j3,information technology and services,linkedin.com/company/visualscience,squamish,visual science,british columbia,1-10,visualscience.ca
canada,2018,SCDBQuZd9niNzwsy2ScyoQgSk1LM,information technology and services,linkedin.com/company/aianalyticsinc,toronto,ai analytics inc,ontario,1-10,aianalytics.ai
canada,,C1scCzCkb15wFk2n0zSVFQUlxLDe,information technology and services,linkedin.com/company/oordhva,milton,oordhva,ontario,1-10,oordhva.com
canada,,Nv757QsC9PjUb3qvCffxbgztuQ8C,information technology and services,linkedin.com/company/mksolutions-inc,victoria,mksolutions inc,british columbia,1-10,
canada,2006,LCN3UvWCwSdwgBV8656SzwYbg0Md,information technology and services,linkedin.com/company/katran-technologies,,katran technologies,,1-10,katrantechnologies.com
canada,2019,jk4vTgL29AIzKwI3TvhbbAEjCHag,information technology and services,linkedin.com/company/stellargrade,montréal,stellargrade,quebec,11-50,stellargrade.com
canada,,UUB4GeSPxpCf3P2LNd5uPQc5Nynp,information technology and services,linkedin.com/company/mosocatech,mississauga,mosoca technogenix,ontario,11-50,mosocatech.ca
canada,2009,9f9YdZMSNVgc5LUNcKbySAcXzVhE,information technology and services,linkedin.com/company/maple-technology,surrey,smarttick software inc.,british columbia,1-10,smarttick.com
canada,2008,Ac5G1rYSGEFdk7PlbRSmuQOZ05Yy,information technology and services,linkedin.com/company/vbit-technologies,calgary,vbit technologies,alberta,1-10,vbit.ca
canada,2023,KsDy8BNLE5hm6vRR1fMQGQlAwC0q,information technology and services,linkedin.com/company/lavistastudio,toronto,lavista studio,ontario,1-10,lavista.studio
canada,2015,T4KaITlWYvfcjQR0iU4FfQHYCnJz,information technology and services,linkedin.com/company/mowsnowpros,calgary,mowsnowpros,alberta,1-10,mowsnowpros.com
canada,2013,W7rznMaz25q3FeyAarVpggjonelV,information technology and services,linkedin.com/company/6tem-ti,l’ancienne-lorette,6tem ti,quebec,51-200,6temti.ca
canada,2021,RCk6J8BOAArhWXGrbLDIvAoO5UCJ,information technology and services,linkedin.com/company/techstorm-solutions-inc,montréal,techstorm solutions inc,quebec,1-10,
canada,,gUFplItlkG1eVByrUELXnwJ7HrGo,information technology and services,linkedin.com/company/bursting-silver,calgary,bursting silver,alberta,51-200,burstingsilver.com
canada,2004,XLAnwJXYj7n2C0ZgC5JX7Q2hLq3r,information technology and services,linkedin.com/company/nortron-systems,brossard,nortron systems,quebec,1-10,nortronsys.com
canada,2023,m8cjWfVem6RlF7BIyMkVCgcjIyZ1,information technology and services,linkedin.com/company/12nets,collingwood,12nets inc.,ontario,1-10,12nets.com
canada,2009,pUer8CmJsm8AkdcWXjcEHAHqW1p8,information technology and services,linkedin.com/company/realisys,laval,realisys,quebec,11-50,realisys.ca
canada,2024,xxEbnq8yH7ddF6UmsbBVCw9urbPX,information technology and services,linkedin.com/company/power-dime,toronto,power dime,ontario,1-10,powerdime.io
canada,2012,rDvt84lkhAnA1kB2Fb9XSwts0rDR,information technology and services,linkedin.com/company/popcorn-labs-inc.,toronto,popcorn labs,ontario,1-10,popcornlabs.com
canada,2016,LaJByEJjbPLDK3nMxHniagXnkKTs,information technology and services,linkedin.com/company/kttl,mississauga,kettle tech.,ontario,1-10,gokettle.com
canada,2014,5bChjpzlJdSoHUH3yiGMmwIc2gUI,information technology and services,linkedin.com/company/e2-networks,stouffville,e2 networks,ontario,1-10,e2networks.ca
canada,2003,9UVeEOe0762VyUXunRTvJAxX4DpI,information technology and services,linkedin.com/company/2nd-mouse-venture-inc,toronto,2nd mouse venture inc.,ontario,51-200,2mvi.com
canada,2007,UlgVcqXZmzAR6dwsRF4QXAIaDw3W,information technology and services,linkedin.com/company/quadralink-global-services,calgary,quadralink global services,alberta,11-50,quadralink.com
canada,,e9f7kqoYljWojpVY8V8B6Qj2sg3c,information technology and services,linkedin.com/company/tminusthree,toronto,tminusthree,ontario,1-10,tminusthree.com
canada,,IajwBntgEXaSPhmI11tSEg2OndWq,information technology and services,linkedin.com/company/cubicstream,,cubicstream,,11-50,cubicstream.com
canada,2019,5eVdbzyl6zHDPfIB7LkFvAkpSfqb,information technology and services,linkedin.com/company/agence-combo,joliette,agence combo,quebec,1-10,agencecombo.com
canada,2018,cK3JCA2eMxBcpJTbhr3YJgG72bXB,information technology and services,linkedin.com/company/grow-tech-labs,vancouver,kyn biosciences inc.,british columbia,1-10,kynbiosciences.ca
canada,,NscyMQv2tzjGnPcyXufJCwCovVmZ,information technology and services,linkedin.com/company/warebot-technologies,abbotsford,warebot technologies,british columbia,201-500,
canada,2020,a8JABuArEp3HjZlyNpLrQwIWPROP,information technology and services,linkedin.com/company/tiffinfinds,toronto,tiffinfinds,ontario,11-50,tiffinfinds.com
canada,2019,Fb2NEU5B2y1wDcmJpy94DgqAjke4,information technology and services,linkedin.com/company/syrebots,calgary,syre ai,alberta,1-10,
canada,,OeEj5gwdWwQs0yi9WIDZEw7kgrwd,information technology and services,linkedin.com/company/monarch-mobility-limited,halifax,monarch mobility limited,nova scotia,1-10,monarchmobility.com
canada,2018,Y1uBxVY4dbgmwLzhRKAU5Q8PQ0V6,information technology and services,linkedin.com/company/lusonaco,london,lusona,ontario,11-50,lusonaar.co
canada,2014,oxclwCGtEAuZzieJKHqVqQsDiOM8,information technology and services,linkedin.com/company/db2-luw-specialist-inc.,mississauga,db2 luw specialist inc.,ontario,1-10,db2specialist.com
canada,2014,VmZ5pBBBHryO2obWOsP2dQn74wds,information technology and services,linkedin.com/company/hallman-msp,calgary,hallman msp,alberta,1-10,
canada,1983,qQUCjhPv4rmNPWZiKin7CgL3DdGP,information technology and services,linkedin.com/company/display-systems-international,saskatoon,display systems international,saskatchewan,11-50,displaysystemsintl.com
canada,2019,F7C3gug5LyObeY0VeHluFAnT3Fka,information technology and services,linkedin.com/company/smartazcanada,toronto,smart analytics zone,ontario,1-10,smartaz.ca
canada,,RffCyd5X3LGQal7wLB7xkQmHobYU,information technology and services,linkedin.com/company/trh-communications,,trh communications,,1-10,
canada,,BP5VvikFuGCQNZY4HFW3QAMvH5Rs,information technology and services,linkedin.com/company/cogiteos,saint-georges,cogiteos,quebec,1-10,cogiteos.com
canada,2015,ofhHES18PSvoVfC7UAxB4gWcmoWK,information technology and services,linkedin.com/company/cloudoak,oakville,cloudoak,ontario,11-50,cloudoakchannel.com
canada,2011,Ik0meewAV5vf35FdRAxkIAFJ8JpH,information technology and services,linkedin.com/company/the-cellution-consultancy,toronto,cellution,ontario,1-10,cellution.co
canada,2021,atGBgXQrsS9BccpadjymXQGH6XRX,information technology and services,linkedin.com/company/rraengineersinc,burlington,rra engineers inc.,ontario,11-50,rraengineers.com
canada,,8CMlMyLAWDMgCEmmATm5qgPMqRdf,information technology and services,linkedin.com/company/alpine-technical-solutions-ats,milton,alpine technical-solutions (ats),ontario,1-10,alpinetechnical-solutions.com
canada,,Rardj2O3tTMeVxJXrQnSWgPBlpdY,information technology and services,linkedin.com/company/virtuallogin-technology-solution,vancouver,virtuallogin technology solutions,british columbia,1-10,virtuallogin.ca
canada,2004,iMWf2rxjEhhV7mJWzHkQMAFCzLts,information technology and services,linkedin.com/company/exordiums-consulting-inc,saskatoon,exordiums inc.,saskatchewan,1-10,exordiums.com
canada,,kkL2DBjOhDwDfNsXCJPs3AcjjVvr,information technology and services,linkedin.com/company/diings,fundy national park,diings,new brunswick,1-10,diings.com
canada,2015,BcGWtDfAUHkKDJDcw5tuCgQL188j,information technology and services,linkedin.com/company/ycl-structural-designs-ltd,toronto,ycl structural designs ltd.,ontario,1-10,yclstructuraldesigns.ca
canada,2004,u3701SjgMqM5tonEJrQmIQmcvVFN,information technology and services,linkedin.com/company/gsitechcanada,calgary,gsitech,alberta,11-50,gsitech.ca
canada,2014,0izmW6EWQkKoxfYECM6fqg3MMwec,information technology and services,linkedin.com/company/ispark-solutions-inc,calgary,ispark solutions inc.,alberta,1-10,isparksolutions.com
canada,2021,gZMQCYlTZr54RFc0N5IwcgqX4qvv,information technology and services,linkedin.com/company/fm-consultants-erp,laval,fm consultants erp inc.,quebec,1-10,fmconsultantserp.com
canada,2014,jBvFyhTeSAVWCNv5H9MkxAfkDz1D,information technology and services,linkedin.com/company/resounding-software,jordan station,resounding software,ontario,1-10,resounding.ca
canada,2009,C85WsdLxB0BVGgR5sAnhDAl3Qf6u,information technology and services,linkedin.com/company/thoughtwire,toronto,thoughtwire,ontario,51-200,thoughtwire.com
canada,,cFODB7foZ3MaKXxdauE9CgxpAcEE,information technology and services,linkedin.com/company/ahead-of-the-curve-group,mississauga,ahead of the curve group,ontario,1-10,aheadofthecurvegroup.com
canada,,cATdMFCULFYQlFzBOjhYNgSmJ6lE,information technology and services,linkedin.com/company/skillgrader,vancouver,skillgrader,british columbia,11-50,skillgrader.com
canada,,bwhkqiy5u5bCEZczjlvQ7QiyhgWl,information technology and services,linkedin.com/company/-isc-2-ottawa-chapter,ottawa,(isc)2 ottawa chapter,ontario,1-10,isc2chapter-ottawa.ca
canada,2016,Aw6t7ffwOFDYF1UUVdzGKgo5Uyms,information technology and services,linkedin.com/company/digital-ergonomics,london,digital ergonomics,ontario,1-10,businesssoftwarecananda.com
canada,,nVqjChVssEBajKhJPkCehgQTc0Ig,information technology and services,linkedin.com/company/university-of-toronto-web-development-club,toronto,university of toronto web development club,ontario,1-10,
canada,,uV8KdRyjx4Ox82RHG46ZgQmjuCRe,information technology and services,linkedin.com/company/discontinuity-ai,calgary,discontinuity.ai,alberta,1-10,discontinuity.ai
canada,1997,cvpra7OVGJCit72XMgLffQZqhMk0,information technology and services,linkedin.com/company/calsbeck-consulting-services,ottawa,calsbeck consulting services - project management,ontario,1-10,calsbeckconsulting.com
canada,2016,3r7cdyrg3AMNvuoB7bIBOASQD3aZ,information technology and services,linkedin.com/company/sunedge-tech,toronto,sunedge technology,ontario,1-10,sunedge.ca
canada,,nGgxFDixiBwZfJl6C8sngwydgj1a,information technology and services,linkedin.com/company/maarut,toronto,maarut inc,ontario,51-200,maarutinc.com
canada,2018,sZJGGvg9eXkaKcfCDTJV6wEjHVNA,information technology and services,linkedin.com/company/customs-city,pickering,customs city global solutions inc.,ontario,11-50,customscity.com
canada,2014,1lzszPFjV2hUqI3tC1z2zQvM2W2l,information technology and services,linkedin.com/company/mysaleslab-co,toronto,bright lab crm,ontario,1-10,mysaleslab.co
canada,2023,7qMKC8XaShbXkh81aOQZRQyoVkRV,information technology and services,linkedin.com/company/ontei-learning-center,thornhill,ontei learning center,ontario,1-10,ontei.ca
canada,2014,ke9Cr4fQ7Eje0kIXbKkH6gj8A1n5,information technology and services,linkedin.com/company/vaveti,montréal,vaveti inc.,quebec,1-10,vaveti.com
canada,2020,ZpAZkeKsZbqKwb9l3WbVQAyBSEbG,information technology and services,linkedin.com/company/gc-perfect,toronto,gc perfect,ontario,1-10,gcperfect.com
canada,2019,nNZdEmFRwMy3z6OzwTGlcQ8qAjV6,information technology and services,linkedin.com/company/web-ify,mississauga,webify,ontario,1-10,webify.world
canada,2009,taAmpl3INimWtwXnhF1hWQKtGj8P,information technology and services,linkedin.com/company/ariontech,,ariontech,ontario,11-50,ariontech.ca
canada,,2BhSvjfCAVzSBsrYjawmkgI7UwDs,information technology and services,linkedin.com/company/strategytechs-inc,,strategytechs inc,,1-10,strategytechs.com
canada,2013,vHBB4ntuGWtDtPjhxsw5LwI58Evy,information technology and services,linkedin.com/company/interval-solutions-inc,toronto,interval solutions inc,ontario,1-10,interval.solutions
canada,2005,HbeiQghGEBanibnjulnHmAiIRDWR,information technology and services,linkedin.com/company/jim-delahunt-&-associates,vancouver,jim delahunt & associates,british columbia,1-10,jdlh.com
canada,2017,b7oKb9hLppMwNnMv6uNGCw89bnRb,information technology and services,linkedin.com/company/corbo-web,montréal,corbo web,quebec,1-10,corbo.io
canada,2017,pCfNu05FMqpB7LZPecYMtgq9Nm75,information technology and services,linkedin.com/company/refinedsolutionservices,regina,refined solution services,saskatchewan,1-10,getrefined.net
canada,,0cHsmhU02gRiZZeTLtBsCQA4hcve,information technology and services,linkedin.com/company/autosuccessai,ottawa,automated success software,ontario,11-50,automatedsuccess.ai
canada,2024,v1BnEWxh1JeT6CN6K9vPPwoLRiQA,information technology and services,linkedin.com/company/poolguardians,montréal,pool guardians inc.,quebec,1-10,poolguardians.ca
canada,2022,UWtOvsMOlTgW6lhYMB8rRAq7veXU,information technology and services,linkedin.com/company/garden-nook-studio,toronto,garden nook studio,ontario,1-10,gardennookstudio.com
canada,,v9UP0d8LMLwfu5BYtyBT1ggYlttD,information technology and services,linkedin.com/company/habol-tech-solutions,waterloo,habol tech solutions,ontario,11-50,dxhub.ca
canada,2021,VLkZ7WLDJsQuI3IDvCOW4wUY15lr,information technology and services,linkedin.com/company/db-i,richmond hill,db-i,ontario,1-10,
canada,2016,1yETisEPrUkvVPKfzrMBWg719ZrG,information technology and services,linkedin.com/company/tentaq,lévis,tentaq,quebec,1-10,tentaq.com
canada,,TrgaUWYQHdjP0ViEBfBlUwT936KU,information technology and services,linkedin.com/company/appshoal,,shoal inc,ontario,1-10,appshoal.com
canada,1997,ax3OtoXE5ubQKpPEkNqbYQIOjYBe,information technology and services,linkedin.com/company/netvision-communications,mississauga,netvision communications,ontario,11-50,netviscom.com
canada,2010,2x2AHVBBNfTRBs45AwJEuAKBOAP3,information technology and services,linkedin.com/company/webihawks,vancouver,webihawks,british columbia,11-50,webihawks.com
canada,,YgxcV2WvRSGoIRBbBD7MFgPs115F,information technology and services,linkedin.com/company/leomedtech,montréal,leomed,quebec,11-50,leomed.co
canada,2018,kO2e7Emmz68vD7QFbxwSqwbFu9wP,information technology and services,linkedin.com/company/crew-it,red deer,crew,alberta,1-10,crewit.ca
canada,2010,Qt5hjEaZ0ZhkCvzSu5dCHwNYzzUJ,information technology and services,linkedin.com/company/locomobi-inc-,toronto,locomobi world inc.,ontario,11-50,locomobiworld.com
canada,,Ur9ZGmZ5rC400y0hnC42UgihvZjp,information technology and services,linkedin.com/company/ingenius-webdesign,,ingenius webdesign,,1-10,ingenius.bc.ca
canada,1997,5KtKIVFpLx02mJGDL8FvHwWCk2Rn,information technology and services,linkedin.com/company/netspell-internet-services-inc-,vancouver,netspell internet services inc.,british columbia,1-10,netspell.com
canada,1986,Q9ryCmIaFm2MzQMDwwJtUQ9lLlDs,information technology and services,linkedin.com/company/magstar-inc,toronto,magstar inc,ontario,11-50,magstarinc.com
canada,2018,N5bBVS5elIEdpW135XAzrwJK6Vwu,information technology and services,linkedin.com/company/ilokol,halifax,ilokol technology,nova scotia,11-50,ilokol.com
canada,2018,p9vqvFuBkKOTBBenR6ipQwwRizRH,information technology and services,linkedin.com/company/guided-joy,pickering,guided joy,ontario,1-10,guidedjoy.com
canada,2001,YOBrTmhmOOGECBBLVBNGegaWn1hq,information technology and services,linkedin.com/company/mcda-conseils,quebec city,mcda conseils,quebec,11-50,mcda-conseils.com
canada,2023,PRUNPmqONeTiI8roiB5LzAyrlGX7,information technology and services,linkedin.com/company/metamindss,edmonton,metamindss,alberta,11-50,metamindss.com
canada,,bc4uJ1cQbszcSjfkN9c2fQgKOtk2,information technology and services,linkedin.com/company/abode-respite-services-inc,essex,abode respite services inc,ontario,1-10,aboderespite.ca
canada,,E5pXZek1tFcQvcWWvu0ooQZnnWiX,information technology and services,linkedin.com/company/blackman-support-services-ltd,victoria,blackman support services ltd,british columbia,1-10,blackmansupport.com
canada,2013,ZBpgxv06Ep9aGm1q4z4fBwwlvzSK,information technology and services,linkedin.com/company/full-pint-software-development,fredericton,full pint software development,new brunswick,1-10,fullpintdev.com
canada,2008,GMJbKCocHF2R68UyVUQyBQwYLxkO,information technology and services,linkedin.com/company/alpha-corporate-technologies,mississauga,alpha corporate technologies,ontario,1-10,alphact.ca
canada,1988,GMv2qSVL7z3g1B6uaOXCrQ8gqsqk,information technology and services,linkedin.com/company/xbase,toronto,xbase technologies corp.,ontario,11-50,xbase.com
canada,2021,lgdg3w6yBeYquom3mBuB8wUv4DDg,information technology and services,linkedin.com/company/cando-earth,vancouver,can-do! green technologies & services inc.,british columbia,11-50,cando.earth
canada,2007,E5z2oZxFz9aJBmqCIYHKpQLGNN3F,information technology and services,linkedin.com/company/appnovation,vancouver,appnovation,british columbia,201-500,appnovation.com
canada,2003,GTyGFeSF0DgohHrorpl8YA8zRg1o,information technology and services,linkedin.com/company/dryadconsulting,montréal,dryad consulting,quebec,1-10,dryadconsulting.com
canada,2015,GQm31gBXV2m0UR18LOZzRgSxJXIq,information technology and services,linkedin.com/company/yourtech,london,yourtech london,ontario,1-10,yourtech.london
canada,,y1QPrDj7jL59lCYOykAe7gfJrMXk,information technology and services,linkedin.com/company/downtown-computer,vancouver,downtown computer,british columbia,11-50,downtowncomputer.bc.ca
canada,2011,riPLE8l6vyXroqXKNQ4UcQ1z9tND,information technology and services,linkedin.com/company/cananoa-inc---voters-in-mind,ottawa,cananoa inc.voters in mind,ontario,1-10,cananoa.com
canada,2020,Nim3eD4FrXJktDYY8uFyYAHu2IZZ,information technology and services,linkedin.com/company/atcio,montréal,atcio inc.,quebec,1-10,atcio.com
canada,2012,cZ4Vp2Jp4RZImVdO4ApvrwJPwBsI,information technology and services,linkedin.com/company/purple-turtle-productions,north vancouver,ultranoodle technologies vancouver,british columbia,1-10,purpleturtle.pro
canada,2002,mSHjI4Z9DHTMiYUWmACBWg3CruMD,information technology and services,linkedin.com/company/axiomcan,whitby,axiom - managed it service provider,ontario,11-50,axiomcan.com
canada,2012,Jx81xzCRzFotpwjGx76ykwmSrn68,information technology and services,linkedin.com/company/golden-point-solutions,new westminster,golden point solutions,british columbia,1-10,gpsolutions.ca
canada,2015,CCf7zyUjrAianxwcSdzAgg7bAp66,information technology and services,linkedin.com/company/tdm-services-conseils,quebec city,tdm services conseils,quebec,1-10,tdmservicesconseils.ca
canada,2019,2WCdIPAmFilW0Q9EcMp0kAnPKk0i,information technology and services,linkedin.com/company/kevares-autonomous-services-inc,oshawa,kevares autonomous services,ontario,11-50,kevares.com
canada,,XF7KvsZQQPlUMRBiT5o85gbLw3Mv,information technology and services,linkedin.com/company/arete-soft-labs,toronto,arete soft labs inc.,ontario,11-50,aretesoftware.ca
canada,2020,FT7J7S9gimy2Ce7tYC0ZkgiPc49T,information technology and services,linkedin.com/company/pacepoint,fredericton,pacepoint media,new brunswick,1-10,pacepointmedia.com
canada,2022,gSpskbcHJMKjcA64bFjvlgWlwXQ8,information technology and services,linkedin.com/company/iroomit,ottawa,iroomit,ontario,1-10,iroomit.com
canada,2021,lz0UW2MeiEA1XQB26h86cwi6wZbm,information technology and services,linkedin.com/company/ttechog,kitchener,ttechog - the technology overwatch group,ontario,1-10,
canada,2022,pmMltCXTSAUuGCwRRJetLwNzhEjp,information technology and services,linkedin.com/company/wired360it,toronto,wired360,ontario,11-50,wired360it.com
canada,1938,NDyqI8zy2wwNk5KUCNRmWgJEq4y0,information technology and services,linkedin.com/company/tri-county-copiers---xerox,windsor,tri-county copiers - xerox,ontario,11-50,tri-countycopiers.com
canada,2015,2S5HbrXe88CfCKXP1FN3nwfliqWl,information technology and services,linkedin.com/company/entropyhq,montréal,entropy,quebec,51-200,entropy.tech
canada,2014,BUe9H76a3W6N6lCiVd18QQygAMEB,information technology and services,linkedin.com/company/dtcforce,oakville,dtc force,ontario,11-50,dtcforce.com
canada,2021,BfmZZCt38wrgPZG8YinLBArrJEtP,information technology and services,linkedin.com/company/greenboxai,burnaby,green box ai inc.,british columbia,1-10,green3dbox.com
canada,1987,edm0jPFKxM8dF1hfI9CBqAwsUSVe,information technology and services,linkedin.com/company/productive-computer-systems-ltd.,winnipeg,productive computer systems ltd.,manitoba,1-10,productivecomputer.com
canada,2020,GXeAPDgd6GnsPtmcdQEXUQh6M3mu,information technology and services,linkedin.com/company/apoba-inc,toronto,apoba inc.,ontario,1-10,
canada,,ey3Kbs4dF3zXF3Bxf0F4xg1J7rsX,information technology and services,linkedin.com/company/greenbluh2,millarville,greenbluh2,alberta,1-10,
canada,2013,n3SBthr6bvYTQ8EDzvB8bwTfrK5s,information technology and services,linkedin.com/company/vancosys-data-solutions-inc-,vancouver,vancosys data security inc.,british columbia,1-10,vancosys.com
canada,2008,8eWnRFIJ0j5XnVlTtYFlKQ4NWgjT,information technology and services,linkedin.com/company/gotekky,toronto,gotekky,ontario,1-10,gotekky.com
canada,,RXNLc9BlTTNPny0CehsLuwIJPxZR,information technology and services,linkedin.com/company/iiiidata,toronto,iiiidata,ontario,1-10,iiiidata.com
canada,2002,JyiUhWvSx4rqCJ62iq2UfAr9tvKJ,information technology and services,linkedin.com/company/athol-cohen-&-associates,thornhill,athol cohen & associates,ontario,1-10,itsupport-toronto.com
canada,1999,gCkgCa9HBkC4nHCivVUHfAtvSBFD,information technology and services,linkedin.com/company/wearedatum,kitchener,datum it global,ontario,201-500,
canada,2015,NyTz497weXTC5AvzbuPhNQZazcs8,information technology and services,linkedin.com/company/caspian-soft,toronto,caspian soft,ontario,1-10,caspiansoft.com
canada,2012,JXDexBptPmVHOYkqCNdsnwp1PfIW,information technology and services,linkedin.com/company/reach-it-business-solutions,montréal,reach-it business solutions,quebec,1-10,reach-it.ca
canada,2009,cy4PyZ5p3XBhSBuOjEDFKASbR7sT,information technology and services,linkedin.com/company/tech-source-limited,north york,tech source ltd,ontario,1-10,techsource.co.nz
canada,2020,oqKUidw2AOKh8QvYv679bAoi4V5P,information technology and services,linkedin.com/company/ultra-attention,coquitlam,ultra-attention,british columbia,1-10,ultra-attention.com
canada,2023,OhyFdYkiCm63kXYYAL6HCQRAqDk3,information technology and services,linkedin.com/company/mightyhum,toronto,mightyhum,ontario,1-10,mightyhum.com
canada,2011,qyARVMrCBhFkEYBC9XuDYwlWU0XW,information technology and services,linkedin.com/company/incube-mobility-solutions,oakville,incube mobility solutions,ontario,51-200,e-incube.ca
canada,2015,GWlm18didS1I9qB5axnMZQvfFn1M,information technology and services,linkedin.com/company/thetechvalet,vancouver,the tech valet,british columbia,1-10,thetechvalet.com
canada,2006,f385qg4LnyVuPbgFlorKMAC2gQRV,information technology and services,linkedin.com/company/redwood-infotek-ltd.,calgary,redwood infotek ltd.,alberta,1-10,
canada,2018,lWEHPMW7uMFtBN0nkQVF3Q2pGyFJ,information technology and services,linkedin.com/company/trymoses,toronto,moses™,ontario,1-10,trymoses.com
canada,2018,86aBKBg9DDwH0kiWOEbihQfcGHkZ,information technology and services,linkedin.com/company/showit-technologies-software-inc,brampton,showit technologies inc,ontario,11-50,showit.tech
canada,2011,lPRMn41S1KWiUWHhjSd5NAeM4thr,information technology and services,linkedin.com/company/sap-fresher-jobs-internship-program,montréal,sap entry level jobs & internship program,quebec,11-50,
canada,2017,yf3MBTmC33HkF0MH4qC2kA6dnyLM,information technology and services,linkedin.com/company/digital-mind-systems-inc,victoria,digital mind systems inc.,british columbia,1-10,digitalmindsystems.com
canada,2008,zflKs08BEnCb9ftbvrCukA332KB8,information technology and services,linkedin.com/company/technovato-inc,toronto,technovato services inc.,ontario,11-50,technovato.com
canada,2023,RkTtN3wQheCeuZg4wjT0uQTkzHpy,information technology and services,linkedin.com/company/sbg-security-buyers-group,toronto,"security buyers group \sbg\""""",ontario,1-10,securitybuyersgroup.com
canada,2021,pWlsyOg1AnPN0iICXpZOeg9OnmFo,information technology and services,linkedin.com/company/aspis-pro,montréal,aspis pro,quebec,1-10,aspisprocurement.ca
canada,2019,Z9sSUHb2dEffoNU1PvBLxQsljR96,information technology and services,linkedin.com/company/proofsysio,toronto,proofsys - decentralized tech engineering,ontario,1-10,proofsys.io
canada,,qKSpMZWYw6ZmLxM76CSLSwR7Y9WP,information technology and services,linkedin.com/company/icon-technologies,winkler,icon technologies,manitoba,11-50,
canada,1997,DMFDwxu7C7HMBzyFTXB43AsA7klW,information technology and services,linkedin.com/company/mxotechnologies,saint-jean-sur-richelieu,mxo | technologies,quebec,11-50,mxo.technology
canada,2012,KrQwwmceLcTtE40ZdjRhewxyVULN,information technology and services,linkedin.com/company/technicion-inc-,calgary,technicion inc.,alberta,201-500,technicion.ca
canada,,FOQULdCi8214c4ZKJbn9DgiiV6vk,information technology and services,linkedin.com/company/tecina-international,,tecina international,,1-10,tecina-international.com
canada,,COBRCihcOeNEWT6mSQt6DgzYFOAB,information technology and services,linkedin.com/company/isolve-internet-services,,isolve internet services,,1-10,isolve.net
canada,2018,5kXpqJiHwFiUC7zYTlzBSQneWZ18,information technology and services,linkedin.com/company/techeor-solutions,surrey,techeor solutions,british columbia,11-50,techeorsolutions.com
canada,,ywbgQFKlYaZddlXLWmTLvA6xEyTX,information technology and services,linkedin.com/company/awisetutor,,awisetutor,,1-10,awisetutor.com
canada,,Z6X5zGbO0m2jlUYvSjobRQlng4WX,information technology and services,linkedin.com/company/wux-ai,calgary,wux.ai,alberta,1-10,wux.ai
canada,2002,IAGlBIOY3Shm5LNLFmMJWAU13Qbs,information technology and services,linkedin.com/company/multitrends-itnet-services-inc.,pitt meadows,multitrends itnet services inc.,british columbia,11-50,multitrends.com
canada,2017,aMtgWqQtLWg1DXviXUCidwQNB9m9,information technology and services,linkedin.com/company/innovative-access,ottawa,innovative access inc.,ontario,1-10,innovativeaccess.ca
canada,,md6RXWEu9OUwhSPBQ4u7OAHEfIgz,information technology and services,linkedin.com/company/rabi-computers,toronto,rabi computers,ontario,1-10,
canada,2020,MkStj1NXVHDWFK3L09IUBApMGG7u,information technology and services,linkedin.com/company/nimble-profit,victoria,nimble profit,british columbia,11-50,nimbleprofit.com
canada,2018,toeRbRuxzAdqSoDZlRPDcQ1AZTWy,information technology and services,linkedin.com/company/transpire-canada,toronto,transpire technologies inc,ontario,11-50,transpiretechnologies.com
canada,2006,UqTs76DC3FECIqAamcMmiQlnEKG3,information technology and services,linkedin.com/company/sperg-studios-corporation,,sperg studios corporation,,11-50,spergstudios.co.uk
canada,2006,2N1vedCiKVziV4ziwzdgrwN0sTWQ,information technology and services,linkedin.com/company/xprt-integration,north vancouver,xprt integration,british columbia,11-50,xprt.ca
canada,2015,8vf9Z0iAYYDrCoSLD3MSsgSmTv3G,information technology and services,linkedin.com/company/genius-lifestyle,sainte-julie,genius lifestyle,quebec,1-10,geniuslifestyle.ca
canada,2003,jnWdEC5R4buoauwb0RqYFg5OWxtQ,information technology and services,linkedin.com/company/com'sup,montréal,simwebs inc.,quebec,1-10,simwebs.mobi
canada,1982,BrIDIrICOA7BLBrjCAXEqQsYcHEv,information technology and services,linkedin.com/company/dapasoft,toronto,calian health,ontario,1001-5000,dapasoft.com
canada,,Oz018yYqti6iOESpIRRnaw8NhcsF,information technology and services,linkedin.com/company/itcmanagementsgroup,toronto,itc management group,ontario,1-10,
canada,2010,GQcoHl9Bn7TdfKUygscqmgratnvw,information technology and services,linkedin.com/company/adnia-solutions,quebec city,adnia solutions,quebec,11-50,adniasolutions.com
canada,2020,KRQCRRe8oXXPkfhxHk4qKQAXL8mf,information technology and services,linkedin.com/company/infoexperts-ca,red deer,infoexperts.ca,alberta,1-10,infoexperts.ca
canada,2017,Q9lIiT4CoTzWRFtCWwQMXg5S7Lvi,information technology and services,linkedin.com/company/2cretiv,toronto,2creative solutions ltd,ontario,1-10,2cretiv.com
canada,2011,B89uf8H2y3f5G9H7j8LIXwDjeZVw,information technology and services,linkedin.com/company/conceive-it-corp,windsor,conceive-it corp,ontario,1-10,conceive-it.com
canada,1963,SLZCAuJxjadh4Rj2D18O1Q3E95pt,information technology and services,linkedin.com/company/eicscatholic,sherwood park,elk island catholic schools,alberta,1001-5000,eics.ab.ca
canada,,pMcZVS2fKHH5VD1RifB43AzOEFTo,information technology and services,linkedin.com/company/norcloudca,toronto,norcloud,ontario,1-10,
canada,2015,2bYS1qQhCG3xQVOMGqaKkAbwMDek,information technology and services,linkedin.com/company/buelogix,toronto,buelogix inc.,ontario,1-10,buelogix.com
canada,2016,uAc36IPgIhYnIjZDCYr8Lg951kUV,information technology and services,linkedin.com/company/primitivmedia,lakeshore,primitiv media,ontario,1-10,
canada,2024,fKGWCB0SkuKoift4BJJWkQf9wF53,information technology and services,linkedin.com/company/modulo-cloud-solutions,toronto,modulo cloud solutions,ontario,1-10,modulocloudsolutions.com
canada,2020,xDa0jvmEJHrD6zNbgxzTZA9yeleM,information technology and services,linkedin.com/company/worqsage,edmonton,worqsage,alberta,51-200,worqsage.com
canada,2016,p5XACGOE9RNmqfPzkm3BPQziQBkj,information technology and services,linkedin.com/company/rokkia-information-systems-inc,calgary,rokkia information systems inc.,alberta,1-10,rokkia.com
canada,2006,0TPfzWJVBWrcWK1aGo1WMAqG1x42,information technology and services,linkedin.com/company/lantern-hill-it,waterloo,lantern hill it,ontario,1-10,lanternhillit.com
canada,2022,lxx3kKMZBm1t987JpbQc8gHyMjyN,information technology and services,linkedin.com/company/asifdevji-solutions,nelson,asif devji solutions,british columbia,1-10,
canada,,AoeGma4YuwkovBjED8hCJQCIcgWK,information technology and services,linkedin.com/company/ovnyx,montréal,ovnyx,quebec,1-10,ovnyx.com
canada,,jaCGAWW2xlRlsDTinJBp9AqEEUCu,information technology and services,linkedin.com/company/construction-raytech,,construction raytech,,1-10,constructionraytech.com
canada,2015,nrwUNkYkY70kJGYyq9CmnwQkL8Ho,information technology and services,linkedin.com/company/advantus360,calgary,advantus360,alberta,11-50,advantus360.com
canada,,CB9FBfqUOnOhBYgmBOxgCwtydtkd,information technology and services,linkedin.com/company/ekosys1,chambly,ekosys solutions numériques,quebec,1-10,ekosys.ca
canada,2003,GPCYb1HGmJoY4rZjGnaKWwKT94GD,information technology and services,linkedin.com/company/gardien-virtuel,laval,gardien virtuel,quebec,11-50,
canada,,CCHiYXBTeCQY0TSJTClLlwjfTr51,information technology and services,linkedin.com/company/perfectfit-behaviour-consulting-company-ltd,burnaby,perfectfit behaviour consulting company ltd,british columbia,1-10,perfectfitaba.ca
canada,2008,kSoAjzNIjZBbcNowdBRyAgBeqG6z,information technology and services,linkedin.com/company/securekey-technologies-inc,toronto,securekey technologies inc (an avast company),ontario,51-200,securekey.com
canada,2024,n6ys4pfGxcoHbw2w1FNZvwqTHGaf,information technology and services,linkedin.com/company/the-digital-world-0,milton,the digital world,ontario,1-10,
canada,2014,W3trdciGVXqEkBsPcBwMPwGRgMif,information technology and services,linkedin.com/company/students-for-seniors,ottawa,students for seniors inc.,ontario,11-50,students-for-seniors.com
canada,2013,Nk2EtghcF4kbgj0hZflUngnNhEOQ,information technology and services,linkedin.com/company/hauser-canada-inc-,calgary,hauser canada inc.,alberta,1-10,hausercanada.ca
canada,,Ox8EfJIpBrtjn4GJJ25rkgcuxIHa,information technology and services,linkedin.com/company/aadiv-consultants,toronto,aadiv consultants,ontario,11-50,aadivtechnologies.com
canada,2023,wKaavyPm4Tb6xC1KDxhHKQHXqfFK,information technology and services,linkedin.com/company/highgrain-ea,vancouver,highgrain ea consultants,british columbia,1-10,highgrain.co
canada,,CGGmEcsP5BD4CxwyF9uGowQzhMpY,information technology and services,linkedin.com/company/canxcentral,,canxcentral,,11-50,canxcentral.com
canada,2017,eDc3s2c3onMmmhjfxH8ghwWQ53z2,information technology and services,linkedin.com/company/netgv,toronto,net gaming ventures,ontario,1-10,netgv.com
canada,2002,CBreGChTwZIBYYJqSFsAGgeAEZ1H,information technology and services,linkedin.com/company/md-informatique,repentigny,novbox,quebec,11-50,novbox.com
canada,2005,rUgZ86XZkj6LFnfHIZ7Ltgz97Xg6,information technology and services,linkedin.com/company/pm-plus-inc-,toronto,pm plus inc.,ontario,11-50,pmplus.com
canada,1993,E6TWT6HW9cb0kTnyG0SDlAyaUlp8,information technology and services,linkedin.com/company/focus-systems,regina,focus systems inc.,saskatchewan,11-50,focussystems.ca
canada,2022,Q6PfkgwgKymV0rTNmbSqgwKuzNCn,information technology and services,linkedin.com/company/gaye-tech,chicoutimi,gaye tech,quebec,1-10,gaye-tech.com
canada,2014,UUyK0y40G1Pe1PAtM2tdJgaK39nP,information technology and services,linkedin.com/company/alberta-data-recovery-lab-o-a-datapros,edmonton,alberta data recovery lab o/a datapros,alberta,1-10,datapros.ca
canada,2012,wDJwwwnKnRyvIGKnfwy12QkEI35q,information technology and services,linkedin.com/company/aldisaglobal,toronto,aldisa global,ontario,1-10,aldisaglobal.com
canada,,1shIsYtchGSwZaejc0j3GwVPAZH5,information technology and services,linkedin.com/company/eronica-digital,calgary,eronica digital,alberta,11-50,eronicadigital.ca
canada,2014,4m28jVzVjkfhNjRBSOzn4wyQlWZY,information technology and services,linkedin.com/company/itechsolutionsofficial,port washington,serves tech,british columbia,11-50,servestech.com
canada,2017,CZGRg3iFYhwNnQS1tRHCMg0KAW3V,information technology and services,linkedin.com/company/prime-customer-services,montréal,prime customer services,quebec,11-50,primecs.co
canada,,GhZCuNJTbSLUzuV5beg7FwiCKmLR,information technology and services,linkedin.com/company/bluefoxone,montréal,bluefox,quebec,1-10,bluefox.one
canada,,zeC8T3lJc19eiibJEuCjVAQIHN6n,information technology and services,linkedin.com/company/raw-power-design,,raw power design,,1-10,rawpowerdesign.com
canada,2017,dqbPSMOUwL6SvR7sOtHF2QfJjyPr,information technology and services,linkedin.com/company/innov8-inc,boucherville,innov8,quebec,1-10,
canada,1982,T2Wrm3CWvKIZYjgDtKqEPgoz2bCF,information technology and services,linkedin.com/company/spn-consultants,montréal,spn consultants,quebec,11-50,spnconsultants.com
canada,2022,tC5YRkEBOFZd7eHINZBtPgjU85ch,information technology and services,linkedin.com/company/picl-professional-networking,st. catharines,picl,ontario,1-10,picl.pro
canada,2009,8zFEm0TmvDwJjcmYub7v4gyvJ7uP,information technology and services,linkedin.com/company/planetslav,toronto,planetslav,ontario,1-10,planetslav.ca
canada,2002,3T9Azz8R0ABhVCNpIB30NQhULYIE,information technology and services,linkedin.com/company/membertou-geomatics-solutions,halifax,membertou geomatics solutions,nova scotia,1-10,membertougeomatics.com
canada,2018,Ig2IKLULVKlDNhtKttNbGQnlTaUU,information technology and services,linkedin.com/company/iterabot,mississauga,iterabot,ontario,1-10,iterabot.com
canada,2008,ig7BfYZvKo04Mo7ZkLTi0gLPunzh,information technology and services,linkedin.com/company/mconcierge-systems-inc,montréal,mconcierge systems inc,quebec,1-10,
canada,2014,wH6MZ2SgHI3gt0GLpJXLFgFYGunC,information technology and services,linkedin.com/company/kognitionsoft-ltd,halifax,kognitionsoft ltd.,nova scotia,1-10,kognitionsoft.com
canada,2015,BUq6XS2W1dvHoUuxvZ6JbgLc7Ng9,information technology and services,linkedin.com/company/saskatoon-audio-visual,saskatoon,saskatoon audio visual,saskatchewan,11-50,saskatoonaudiovisual.ca
canada,2000,AcRwqPTQN12rT37vi1CAqAGgVRSA,information technology and services,linkedin.com/company/cedarcreek-networking-inc-,kitchener,cedarcreek networking inc.,ontario,1-10,cedarcreek.ca
canada,,uCc6hTf1kT7KITki43aKzgpLiqVc,information technology and services,linkedin.com/company/abstechco,kitchener,abs technologies,ontario,1-10,abstech.co
canada,1999,GtDa5q1TUXB9gGjVhcOoLQlVq9IO,information technology and services,linkedin.com/company/printerlogix,mississauga,printerlogix,ontario,11-50,printerlogix.com
canada,2019,ibyPVUh5Xv4rFuVACUcb1glreBFm,information technology and services,linkedin.com/company/cretx-canada,etobicoke,cretx canada | app development agency,ontario,1-10,cretx.ca
canada,,JAcCi9B1KDrtKrPff7qAQAZY8tc0,information technology and services,linkedin.com/company/c-tec,,c-tec,,1-10,ctecworld.com
canada,2012,EfXO2Vz8LyEJNbJyuyA34QLwRrau,information technology and services,linkedin.com/company/seo-with-pro,toronto,seo with pro,ontario,51-200,seowithpro.com
canada,2013,dnA7Oqhl6TKCj4pbLzsmbAnTwiTc,information technology and services,linkedin.com/company/1computerservices-inc-,toronto,1computerservices inc.,ontario,1-10,1computerservices.com
canada,2004,BJUjFQdxoFG9vVRGXlCtSABwAcSy,information technology and services,linkedin.com/company/the-attain-group-inc.-groupe-lga-,ottawa,the attain group inc. (groupe lga),ontario,11-50,theattaingroup.com
canada,1991,lXzSMD6P9ZwuYZxhXDBZLQzbmvjm,information technology and services,linkedin.com/company/instanet-solutions,london,instanet solutions,ontario,11-50,instanetsolutions.com
canada,2019,nMkwarYBVzbU3o9KRvSpCw4w32Wf,information technology and services,linkedin.com/company/scotiacode,halifax,scotiacode,nova scotia,1-10,scotiacode.com
canada,,huQDsvrK9g5hhoynYodqiAmnzkIF,information technology and services,linkedin.com/company/outfusion,drayton valley,outfusion,alberta,1-10,outfusion.com
canada,2019,GVdSkmfIxznA7yUYlA8e6gdecLAY,information technology and services,linkedin.com/company/alacarteforchef,toronto,a la carte for chef,ontario,1-10,alacarteforchef.com
canada,2014,bf40viuA9HAVSYNfyYMwvwAoOYun,information technology and services,linkedin.com/company/e1consulting,vancouver,e1 consulting inc.,british columbia,1-10,e1consulting.ca
canada,1981,3moeULj81GNG9dp7A3U98gvRwtUk,information technology and services,linkedin.com/company/universal-rosscam,markham,universal rosscam,ontario,11-50,universalrosscam.com
canada,2001,TUPjhqGsWbX5JuQKM5w3hQEg7UbO,information technology and services,linkedin.com/company/borealis-networks,vancouver,borealis networks,british columbia,1-10,borealisnetworks.com
canada,2008,B3sDck3EJsNZtlgECiND3wsvROzF,information technology and services,linkedin.com/company/prosap-international-inc,toronto,prosap international inc.,ontario,1-10,prosap.ca
canada,2004,CXBHuG3VkaYnBRn701LvcwmOp4ft,information technology and services,linkedin.com/company/ellement,,ellement,,1-10,
canada,,cCSKH1bmZ2RX2tPeKWPpnACy4Oc1,information technology and services,linkedin.com/company/ispire,saint john,ispire,new brunswick,11-50,ispire.ca
canada,2019,tBRougDmmh1GINihhuXSgwt9b6kf,information technology and services,linkedin.com/company/ottawa-cybersecurity-identity-summit,ottawa,cybersecurity & identity summit,ontario,1-10,cis2024.ca
canada,2015,B8J09kYPkBfFRJuHRQfzvQZT1JuK,information technology and services,linkedin.com/company/membernova,oakville,membernova,ontario,11-50,membernova.com
canada,2005,4RBNz7CGLcqhDb9jPLd3wgsqrnzl,information technology and services,linkedin.com/company/dafleo,sylvan lake,dafleo,alberta,1-10,nexsourceintl.com
canada,,3h5triTjbvxFIOCKCi0K4whOQoZX,information technology and services,linkedin.com/company/cyber101,montréal,cyber101,quebec,1-10,cyber101.com
canada,2009,buuvWNtVNaUFSdrqPPSs2gFYqe1Y,information technology and services,linkedin.com/company/science-to-sales,vancouver,science to sales,british columbia,1-10,sciencetosales.com
canada,2014,Nhyh4OgD4zkQ1D4N8mcv4AcGQsyM,information technology and services,linkedin.com/company/siorizon,montréal,siorizon,quebec,1-10,siorizon.com
canada,,RkwOQqg87gSUR9nbevVDIgb2odRw,information technology and services,linkedin.com/company/prospec-tracking-ltd,north dundas,prospec tracking ltd,ontario,11-50,
canada,2022,YpAfKsgFMbkjcnaNLS2JTgJslZaS,information technology and services,linkedin.com/company/reliantech,leduc,reliantech,alberta,1-10,reliantech.ca
canada,2017,9SvKVi0zBvsvu1qGFdKI7gLuKmwW,information technology and services,linkedin.com/company/etty-web-solutions,kelowna,leonne marketing,british columbia,1-10,ettyweb.com
canada,1999,Fc4lVB9jFBRES1CN8EgUQwUhKRx2,information technology and services,linkedin.com/company/movedirect.net,st. catharines,movedirect.net,ontario,1-10,movedirect.net
canada,2014,CPmhwH4ZBPC8vDU9QoZEQgfhEmNK,information technology and services,linkedin.com/company/nvone-solutions-inc,brampton,nvone inc.,ontario,1-10,nvone.ca
canada,2013,nRSBaYvtXflPWLzKPegMtAy2RksS,information technology and services,linkedin.com/company/onestoprnd-inc-,ottawa,onestoprnd inc.,ontario,1-10,onestoprnd.com
canada,2022,vf3flIzvQg2NzO5NCZIx3QfXI8cI,information technology and services,linkedin.com/company/asparey-technologies,calgary,asparey technologies,alberta,1-10,asparey.com
canada,,qYCWe64Cgz2P0l7q0eia6wBvJygW,information technology and services,linkedin.com/company/headcount-corporation,edmonton,headcount corporation,alberta,11-50,headcount.com
canada,1988,6yOEIPOwiKADCWcJbcF9nwNceeHE,information technology and services,linkedin.com/company/voice-processor-inc.,dollard-des-ormeaux,voice processor inc.,quebec,1-10,
canada,2014,roWDXghLeH7HOffSXFrmEQ3DiYWX,information technology and services,linkedin.com/company/spontbox,toronto,spontbox,ontario,1-10,spontbox.com
canada,,cDaNi8iDqRqr8J3GMMRI5ASmCnQT,information technology and services,linkedin.com/company/revival-technologies,,revival technologies,,1-10,revivaltechnologies.com
canada,2019,BWkgE6rYdGwCXpLIKCJbKQVWan5M,information technology and services,linkedin.com/company/crypteklabs,vancouver,cryptek labs,british columbia,1-10,crypteklabs.com
canada,2017,sprvlQCVeUFwQC36iV5IoQ37vPVL,information technology and services,linkedin.com/company/pipemath,calgary,pipemath inc.,alberta,1-10,pipemath.com
canada,2013,znWKW4OhKI5aALd6RYuX3AAjHphx,information technology and services,linkedin.com/company/d-arm-technical-services-ltd,lasalle,d'arm technical services ltd.,ontario,1-10,darmtechnical.com
canada,1978,Pnte1dNkKtfLGp7hYyp3NAsUNydP,information technology and services,linkedin.com/company/desmarais-protection-électronique,sorel-tracy,desmarais protection électronique,quebec,11-50,desmaraisprotection.com
canada,2007,lMQDOhqRnjR7ln3StTyX9Qim5hDM,information technology and services,linkedin.com/company/sageteasoftware,ottawa,sagetea software,ontario,11-50,sagetea.ai
canada,2016,G0gooTcsyH7zEBsSBGNG2wq4aJVB,information technology and services,linkedin.com/company/nathconsulting-services,toronto,nath consulting services,ontario,1-10,
